1,6562,5833,730
2,6563,5834,731
3,6564,5835,732
4,6565,5836,733
5,6566,5837,734
6,6567,5838,735
7,6568,5839,736
8,6569,5840,737
9,6570,5841,738
10,6571,5842,739
11,6572,5843,740
12,6573,5844,741
13,6574,5845,742
14,6575,5846,743
15,6576,5847,744
16,6577,5848,745
17,6578,5849,746
18,6579,5850,747
19,6580,5851,748
20,6581,5852,749
21,6582,5853,750
22,6583,5854,751
23,6584,5855,752
24,6585,5856,753
25,6586,5857,754
26,6587,5858,755
27,6588,5859,756
28,6589,5860,757
29,6590,5861,758
30,6591,5862,759
31,6592,5863,760
32,6593,5864,761
33,6594,5865,762
34,6595,5866,763
35,6596,5867,764
36,6597,5868,765
37,6598,5869,766
38,6599,5870,767
39,6600,5871,768
40,6601,5872,769
41,6602,5873,770
42,6603,5874,771
43,6604,5875,772
44,6605,5876,773
45,6606,5877,774
46,6607,5878,775
47,6608,5879,776
48,6609,5880,777
49,6610,5881,778
50,6611,5882,779
51,6612,5883,780
52,6613,5884,781
53,6614,5885,782
54,6615,5886,783
55,6616,5887,784
56,6617,5888,785
57,6618,5889,786
58,6619,5890,787
59,6620,5891,788
60,6621,5892,789
61,6622,5893,790
62,6623,5894,791
63,6624,5895,792
64,6625,5896,793
65,6626,5897,794
66,6627,5898,795
67,6628,5899,796
68,6629,5900,797
69,6630,5901,798
70,6631,5902,799
71,6632,5903,800
72,6633,5904,801
73,6634,5905,802
74,6635,5906,803
75,6636,5907,804
76,6637,5908,805
77,6638,5909,806
78,6639,5910,807
79,6640,5911,808
80,6641,5912,809
81,6642,5913,810
82,6643,5914,811
83,6644,5915,812
84,6645,5916,813
85,6646,5917,814
86,6647,5918,815
87,6648,5919,816
88,6649,5920,817
89,6650,5921,818
90,6651,5922,819
91,6652,5923,820
92,6653,5924,821
93,6654,5925,822
94,6655,5926,823
95,6656,5927,824
96,6657,5928,825
97,6658,5929,826
98,6659,5930,827
99,6660,5931,828
100,6661,5932,829
101,6662,5933,830
102,6663,5934,831
103,6664,5935,832
104,6665,5936,833
105,6666,5937,834
106,6667,5938,835
107,6668,5939,836
108,6669,5940,837
109,6670,5941,838
110,6671,5942,839
111,6672,5943,840
112,6673,5944,841
113,6674,5945,842
114,6675,5946,843
115,6676,5947,844
116,6677,5948,845
117,6678,5949,846
118,6679,5950,847
119,6680,5951,848
120,6681,5952,849
121,6682,5953,850
122,6683,5954,851
123,6684,5955,852
124,6685,5956,853
125,6686,5957,854
126,6687,5958,855
127,6688,5959,856
128,6689,5960,857
129,6690,5961,858
130,6691,5962,859
131,6692,5963,860
132,6693,5964,861
133,6694,5965,862
134,6695,5966,863
135,6696,5967,864
136,6697,5968,865
137,6698,5969,866
138,6699,5970,867
139,6700,5971,868
140,6701,5972,869
141,6702,5973,870
142,6703,5974,871
143,6704,5975,872
144,6705,5976,873
145,6706,5977,874
146,6707,5978,875
147,6708,5979,876
148,6709,5980,877
149,6710,5981,878
150,6711,5982,879
151,6712,5983,880
152,6713,5984,881
153,6714,5985,882
154,6715,5986,883
155,6716,5987,884
156,6717,5988,885
157,6718,5989,886
158,6719,5990,887
159,6720,5991,888
160,6721,5992,889
161,6722,5993,890
162,6723,5994,891
163,6724,5995,892
164,6725,5996,893
165,6726,5997,894
166,6727,5998,895
167,6728,5999,896
168,6729,6000,897
169,6730,6001,898
170,6731,6002,899
171,6732,6003,900
172,6733,6004,901
173,6734,6005,902
174,6735,6006,903
175,6736,6007,904
176,6737,6008,905
177,6738,6009,906
178,6739,6010,907
179,6740,6011,908
180,6741,6012,909
181,6742,6013,910
182,6743,6014,911
183,6744,6015,912
184,6745,6016,913
185,6746,6017,914
186,6747,6018,915
187,6748,6019,916
188,6749,6020,917
189,6750,6021,918
190,6751,6022,919
191,6752,6023,920
192,6753,6024,921
193,6754,6025,922
194,6755,6026,923
195,6756,6027,924
196,6757,6028,925
197,6758,6029,926
198,6759,6030,927
199,6760,6031,928
200,6761,6032,929
201,6762,6033,930
202,6763,6034,931
203,6764,6035,932
204,6765,6036,933
205,6766,6037,934
206,6767,6038,935
207,6768,6039,936
208,6769,6040,937
209,6770,6041,938
210,6771,6042,939
211,6772,6043,940
212,6773,6044,941
213,6774,6045,942
214,6775,6046,943
215,6776,6047,944
216,6777,6048,945
217,6778,6049,946
218,6779,6050,947
219,6780,6051,948
220,6781,6052,949
221,6782,6053,950
222,6783,6054,951
223,6784,6055,952
224,6785,6056,953
225,6786,6057,954
226,6787,6058,955
227,6788,6059,956
228,6789,6060,957
229,6790,6061,958
230,6791,6062,959
231,6792,6063,960
232,6793,6064,961
233,6794,6065,962
234,6795,6066,963
235,6796,6067,964
236,6797,6068,965
237,6798,6069,966
238,6799,6070,967
239,6800,6071,968
240,6801,6072,969
241,6802,6073,970
242,6803,6074,971
243,6804,6075,972
244,6805,6076,973
245,6806,6077,974
246,6807,6078,975
247,6808,6079,976
248,6809,6080,977
249,6810,6081,978
250,6811,6082,979
251,6812,6083,980
252,6813,6084,981
253,6814,6085,982
254,6815,6086,983
255,6816,6087,984
256,6817,6088,985
257,6818,6089,986
258,6819,6090,987
259,6820,6091,988
260,6821,6092,989
261,6822,6093,990
262,6823,6094,991
263,6824,6095,992
264,6825,6096,993
265,6826,6097,994
266,6827,6098,995
267,6828,6099,996
268,6829,6100,997
269,6830,6101,998
270,6831,6102,999
271,6832,6103,1000
272,6833,6104,1001
273,6834,6105,1002
274,6835,6106,1003
275,6836,6107,1004
276,6837,6108,1005
277,6838,6109,1006
278,6839,6110,1007
279,6840,6111,1008
280,6841,6112,1009
281,6842,6113,1010
282,6843,6114,1011
283,6844,6115,1012
284,6845,6116,1013
285,6846,6117,1014
286,6847,6118,1015
287,6848,6119,1016
288,6849,6120,1017
289,6850,6121,1018
290,6851,6122,1019
291,6852,6123,1020
292,6853,6124,1021
293,6854,6125,1022
294,6855,6126,1023
295,6856,6127,1024
296,6857,6128,1025
297,6858,6129,1026
298,6859,6130,1027
299,6860,6131,1028
300,6861,6132,1029
301,6862,6133,1030
302,6863,6134,1031
303,6864,6135,1032
304,6865,6136,1033
305,6866,6137,1034
306,6867,6138,1035
307,6868,6139,1036
308,6869,6140,1037
309,6870,6141,1038
310,6871,6142,1039
311,6872,6143,1040
312,6873,6144,1041
313,6874,6145,1042
314,6875,6146,1043
315,6876,6147,1044
316,6877,6148,1045
317,6878,6149,1046
318,6879,6150,1047
319,6880,6151,1048
320,6881,6152,1049
321,6882,6153,1050
322,6883,6154,1051
323,6884,6155,1052
324,6885,6156,1053
325,6886,6157,1054
326,6887,6158,1055
327,6888,6159,1056
328,6889,6160,1057
329,6890,6161,1058
330,6891,6162,1059
331,6892,6163,1060
332,6893,6164,1061
333,6894,6165,1062
334,6895,6166,1063
335,6896,6167,1064
336,6897,6168,1065
337,6898,6169,1066
338,6899,6170,1067
339,6900,6171,1068
340,6901,6172,1069
341,6902,6173,1070
342,6903,6174,1071
343,6904,6175,1072
344,6905,6176,1073
345,6906,6177,1074
346,6907,6178,1075
347,6908,6179,1076
348,6909,6180,1077
349,6910,6181,1078
350,6911,6182,1079
351,6912,6183,1080
352,6913,6184,1081
353,6914,6185,1082
354,6915,6186,1083
355,6916,6187,1084
356,6917,6188,1085
357,6918,6189,1086
358,6919,6190,1087
359,6920,6191,1088
360,6921,6192,1089
361,6922,6193,1090
362,6923,6194,1091
363,6924,6195,1092
364,6925,6196,1093
365,6926,6197,1094
366,6927,6198,1095
367,6928,6199,1096
368,6929,6200,1097
369,6930,6201,1098
370,6931,6202,1099
371,6932,6203,1100
372,6933,6204,1101
373,6934,6205,1102
374,6935,6206,1103
375,6936,6207,1104
376,6937,6208,1105
377,6938,6209,1106
378,6939,6210,1107
379,6940,6211,1108
380,6941,6212,1109
381,6942,6213,1110
382,6943,6214,1111
383,6944,6215,1112
384,6945,6216,1113
385,6946,6217,1114
386,6947,6218,1115
387,6948,6219,1116
388,6949,6220,1117
389,6950,6221,1118
390,6951,6222,1119
391,6952,6223,1120
392,6953,6224,1121
393,6954,6225,1122
394,6955,6226,1123
395,6956,6227,1124
396,6957,6228,1125
397,6958,6229,1126
398,6959,6230,1127
399,6960,6231,1128
400,6961,6232,1129
401,6962,6233,1130
402,6963,6234,1131
403,6964,6235,1132
404,6965,6236,1133
405,6966,6237,1134
406,6967,6238,1135
407,6968,6239,1136
408,6969,6240,1137
409,6970,6241,1138
410,6971,6242,1139
411,6972,6243,1140
412,6973,6244,1141
413,6974,6245,1142
414,6975,6246,1143
415,6976,6247,1144
416,6977,6248,1145
417,6978,6249,1146
418,6979,6250,1147
419,6980,6251,1148
420,6981,6252,1149
421,6982,6253,1150
422,6983,6254,1151
423,6984,6255,1152
424,6985,6256,1153
425,6986,6257,1154
426,6987,6258,1155
427,6988,6259,1156
428,6989,6260,1157
429,6990,6261,1158
430,6991,6262,1159
431,6992,6263,1160
432,6993,6264,1161
433,6994,6265,1162
434,6995,6266,1163
435,6996,6267,1164
436,6997,6268,1165
437,6998,6269,1166
438,6999,6270,1167
439,7000,6271,1168
440,7001,6272,1169
441,7002,6273,1170
442,7003,6274,1171
443,7004,6275,1172
444,7005,6276,1173
445,7006,6277,1174
446,7007,6278,1175
447,7008,6279,1176
448,7009,6280,1177
449,7010,6281,1178
450,7011,6282,1179
451,7012,6283,1180
452,7013,6284,1181
453,7014,6285,1182
454,7015,6286,1183
455,7016,6287,1184
456,7017,6288,1185
457,7018,6289,1186
458,7019,6290,1187
459,7020,6291,1188
460,7021,6292,1189
461,7022,6293,1190
462,7023,6294,1191
463,7024,6295,1192
464,7025,6296,1193
465,7026,6297,1194
466,7027,6298,1195
467,7028,6299,1196
468,7029,6300,1197
469,7030,6301,1198
470,7031,6302,1199
471,7032,6303,1200
472,7033,6304,1201
473,7034,6305,1202
474,7035,6306,1203
475,7036,6307,1204
476,7037,6308,1205
477,7038,6309,1206
478,7039,6310,1207
479,7040,6311,1208
480,7041,6312,1209
481,7042,6313,1210
482,7043,6314,1211
483,7044,6315,1212
484,7045,6316,1213
485,7046,6317,1214
486,7047,6318,1215
487,7048,6319,1216
488,7049,6320,1217
489,7050,6321,1218
490,7051,6322,1219
491,7052,6323,1220
492,7053,6324,1221
493,7054,6325,1222
494,7055,6326,1223
495,7056,6327,1224
496,7057,6328,1225
497,7058,6329,1226
498,7059,6330,1227
499,7060,6331,1228
500,7061,6332,1229
501,7062,6333,1230
502,7063,6334,1231
503,7064,6335,1232
504,7065,6336,1233
505,7066,6337,1234
506,7067,6338,1235
507,7068,6339,1236
508,7069,6340,1237
509,7070,6341,1238
510,7071,6342,1239
511,7072,6343,1240
512,7073,6344,1241
513,7074,6345,1242
514,7075,6346,1243
515,7076,6347,1244
516,7077,6348,1245
517,7078,6349,1246
518,7079,6350,1247
519,7080,6351,1248
520,7081,6352,1249
521,7082,6353,1250
522,7083,6354,1251
523,7084,6355,1252
524,7085,6356,1253
525,7086,6357,1254
526,7087,6358,1255
527,7088,6359,1256
528,7089,6360,1257
529,7090,6361,1258
530,7091,6362,1259
531,7092,6363,1260
532,7093,6364,1261
533,7094,6365,1262
534,7095,6366,1263
535,7096,6367,1264
536,7097,6368,1265
537,7098,6369,1266
538,7099,6370,1267
539,7100,6371,1268
540,7101,6372,1269
541,7102,6373,1270
542,7103,6374,1271
543,7104,6375,1272
544,7105,6376,1273
545,7106,6377,1274
546,7107,6378,1275
547,7108,6379,1276
548,7109,6380,1277
549,7110,6381,1278
550,7111,6382,1279
551,7112,6383,1280
552,7113,6384,1281
553,7114,6385,1282
554,7115,6386,1283
555,7116,6387,1284
556,7117,6388,1285
557,7118,6389,1286
558,7119,6390,1287
559,7120,6391,1288
560,7121,6392,1289
561,7122,6393,1290
562,7123,6394,1291
563,7124,6395,1292
564,7125,6396,1293
565,7126,6397,1294
566,7127,6398,1295
567,7128,6399,1296
568,7129,6400,1297
569,7130,6401,1298
570,7131,6402,1299
571,7132,6403,1300
572,7133,6404,1301
573,7134,6405,1302
574,7135,6406,1303
575,7136,6407,1304
576,7137,6408,1305
577,7138,6409,1306
578,7139,6410,1307
579,7140,6411,1308
580,7141,6412,1309
581,7142,6413,1310
582,7143,6414,1311
583,7144,6415,1312
584,7145,6416,1313
585,7146,6417,1314
586,7147,6418,1315
587,7148,6419,1316
588,7149,6420,1317
589,7150,6421,1318
590,7151,6422,1319
591,7152,6423,1320
592,7153,6424,1321
593,7154,6425,1322
594,7155,6426,1323
595,7156,6427,1324
596,7157,6428,1325
597,7158,6429,1326
598,7159,6430,1327
599,7160,6431,1328
600,7161,6432,1329
601,7162,6433,1330
602,7163,6434,1331
603,7164,6435,1332
604,7165,6436,1333
605,7166,6437,1334
606,7167,6438,1335
607,7168,6439,1336
608,7169,6440,1337
609,7170,6441,1338
610,7171,6442,1339
611,7172,6443,1340
612,7173,6444,1341
613,7174,6445,1342
614,7175,6446,1343
615,7176,6447,1344
616,7177,6448,1345
617,7178,6449,1346
618,7179,6450,1347
619,7180,6451,1348
620,7181,6452,1349
621,7182,6453,1350
622,7183,6454,1351
623,7184,6455,1352
624,7185,6456,1353
625,7186,6457,1354
626,7187,6458,1355
627,7188,6459,1356
628,7189,6460,1357
629,7190,6461,1358
630,7191,6462,1359
631,7192,6463,1360
632,7193,6464,1361
633,7194,6465,1362
634,7195,6466,1363
635,7196,6467,1364
636,7197,6468,1365
637,7198,6469,1366
638,7199,6470,1367
639,7200,6471,1368
640,7201,6472,1369
641,7202,6473,1370
642,7203,6474,1371
643,7204,6475,1372
644,7205,6476,1373
645,7206,6477,1374
646,7207,6478,1375
647,7208,6479,1376
648,7209,6480,1377
649,7210,6481,1378
650,7211,6482,1379
651,7212,6483,1380
652,7213,6484,1381
653,7214,6485,1382
654,7215,6486,1383
655,7216,6487,1384
656,7217,6488,1385
657,7218,6489,1386
658,7219,6490,1387
659,7220,6491,1388
660,7221,6492,1389
661,7222,6493,1390
662,7223,6494,1391
663,7224,6495,1392
664,7225,6496,1393
665,7226,6497,1394
666,7227,6498,1395
667,7228,6499,1396
668,7229,6500,1397
669,7230,6501,1398
670,7231,6502,1399
671,7232,6503,1400
672,7233,6504,1401
673,7234,6505,1402
674,7235,6506,1403
675,7236,6507,1404
676,7237,6508,1405
677,7238,6509,1406
678,7239,6510,1407
679,7240,6511,1408
680,7241,6512,1409
681,7242,6513,1410
682,7243,6514,1411
683,7244,6515,1412
684,7245,6516,1413
685,7246,6517,1414
686,7247,6518,1415
687,7248,6519,1416
688,7249,6520,1417
689,7250,6521,1418
690,7251,6522,1419
691,7252,6523,1420
692,7253,6524,1421
693,7254,6525,1422
694,7255,6526,1423
695,7256,6527,1424
696,7257,6528,1425
697,7258,6529,1426
698,7259,6530,1427
699,7260,6531,1428
700,7261,6532,1429
701,7262,6533,1430
702,7263,6534,1431
703,7264,6535,1432
704,7265,6536,1433
705,7266,6537,1434
706,7267,6538,1435
707,7268,6539,1436
708,7269,6540,1437
709,7270,6541,1438
710,7271,6542,1439
711,7272,6543,1440
712,7273,6544,1441
713,7274,6545,1442
714,7275,6546,1443
715,7276,6547,1444
716,7277,6548,1445
717,7278,6549,1446
718,7279,6550,1447
719,7280,6551,1448
720,7281,6552,1449
721,7282,6553,1450
722,7283,6554,1451
723,7284,6555,1452
724,7285,6556,1453
725,7286,6557,1454
726,7287,6558,1455
727,7288,6559,1456
728,7289,6560,1457
729,7290,6561,1458
4375,1459,5104,2188
4376,1460,5105,2189
4377,1461,5106,2190
4378,1462,5107,2191
4379,1463,5108,2192
4380,1464,5109,2193
4381,1465,5110,2194
4382,1466,5111,2195
4383,1467,5112,2196
4384,1468,5113,2197
4385,1469,5114,2198
4386,1470,5115,2199
4387,1471,5116,2200
4388,1472,5117,2201
4389,1473,5118,2202
4390,1474,5119,2203
4391,1475,5120,2204
4392,1476,5121,2205
4393,1477,5122,2206
4394,1478,5123,2207
4395,1479,5124,2208
4396,1480,5125,2209
4397,1481,5126,2210
4398,1482,5127,2211
4399,1483,5128,2212
4400,1484,5129,2213
4401,1485,5130,2214
4402,1486,5131,2215
4403,1487,5132,2216
4404,1488,5133,2217
4405,1489,5134,2218
4406,1490,5135,2219
4407,1491,5136,2220
4408,1492,5137,2221
4409,1493,5138,2222
4410,1494,5139,2223
4411,1495,5140,2224
4412,1496,5141,2225
4413,1497,5142,2226
4414,1498,5143,2227
4415,1499,5144,2228
4416,1500,5145,2229
4417,1501,5146,2230
4418,1502,5147,2231
4419,1503,5148,2232
4420,1504,5149,2233
4421,1505,5150,2234
4422,1506,5151,2235
4423,1507,5152,2236
4424,1508,5153,2237
4425,1509,5154,2238
4426,1510,5155,2239
4427,1511,5156,2240
4428,1512,5157,2241
4429,1513,5158,2242
4430,1514,5159,2243
4431,1515,5160,2244
4432,1516,5161,2245
4433,1517,5162,2246
4434,1518,5163,2247
4435,1519,5164,2248
4436,1520,5165,2249
4437,1521,5166,2250
4438,1522,5167,2251
4439,1523,5168,2252
4440,1524,5169,2253
4441,1525,5170,2254
4442,1526,5171,2255
4443,1527,5172,2256
4444,1528,5173,2257
4445,1529,5174,2258
4446,1530,5175,2259
4447,1531,5176,2260
4448,1532,5177,2261
4449,1533,5178,2262
4450,1534,5179,2263
4451,1535,5180,2264
4452,1536,5181,2265
4453,1537,5182,2266
4454,1538,5183,2267
4455,1539,5184,2268
4456,1540,5185,2269
4457,1541,5186,2270
4458,1542,5187,2271
4459,1543,5188,2272
4460,1544,5189,2273
4461,1545,5190,2274
4462,1546,5191,2275
4463,1547,5192,2276
4464,1548,5193,2277
4465,1549,5194,2278
4466,1550,5195,2279
4467,1551,5196,2280
4468,1552,5197,2281
4469,1553,5198,2282
4470,1554,5199,2283
4471,1555,5200,2284
4472,1556,5201,2285
4473,1557,5202,2286
4474,1558,5203,2287
4475,1559,5204,2288
4476,1560,5205,2289
4477,1561,5206,2290
4478,1562,5207,2291
4479,1563,5208,2292
4480,1564,5209,2293
4481,1565,5210,2294
4482,1566,5211,2295
4483,1567,5212,2296
4484,1568,5213,2297
4485,1569,5214,2298
4486,1570,5215,2299
4487,1571,5216,2300
4488,1572,5217,2301
4489,1573,5218,2302
4490,1574,5219,2303
4491,1575,5220,2304
4492,1576,5221,2305
4493,1577,5222,2306
4494,1578,5223,2307
4495,1579,5224,2308
4496,1580,5225,2309
4497,1581,5226,2310
4498,1582,5227,2311
4499,1583,5228,2312
4500,1584,5229,2313
4501,1585,5230,2314
4502,1586,5231,2315
4503,1587,5232,2316
4504,1588,5233,2317
4505,1589,5234,2318
4506,1590,5235,2319
4507,1591,5236,2320
4508,1592,5237,2321
4509,1593,5238,2322
4510,1594,5239,2323
4511,1595,5240,2324
4512,1596,5241,2325
4513,1597,5242,2326
4514,1598,5243,2327
4515,1599,5244,2328
4516,1600,5245,2329
4517,1601,5246,2330
4518,1602,5247,2331
4519,1603,5248,2332
4520,1604,5249,2333
4521,1605,5250,2334
4522,1606,5251,2335
4523,1607,5252,2336
4524,1608,5253,2337
4525,1609,5254,2338
4526,1610,5255,2339
4527,1611,5256,2340
4528,1612,5257,2341
4529,1613,5258,2342
4530,1614,5259,2343
4531,1615,5260,2344
4532,1616,5261,2345
4533,1617,5262,2346
4534,1618,5263,2347
4535,1619,5264,2348
4536,1620,5265,2349
4537,1621,5266,2350
4538,1622,5267,2351
4539,1623,5268,2352
4540,1624,5269,2353
4541,1625,5270,2354
4542,1626,5271,2355
4543,1627,5272,2356
4544,1628,5273,2357
4545,1629,5274,2358
4546,1630,5275,2359
4547,1631,5276,2360
4548,1632,5277,2361
4549,1633,5278,2362
4550,1634,5279,2363
4551,1635,5280,2364
4552,1636,5281,2365
4553,1637,5282,2366
4554,1638,5283,2367
4555,1639,5284,2368
4556,1640,5285,2369
4557,1641,5286,2370
4558,1642,5287,2371
4559,1643,5288,2372
4560,1644,5289,2373
4561,1645,5290,2374
4562,1646,5291,2375
4563,1647,5292,2376
4564,1648,5293,2377
4565,1649,5294,2378
4566,1650,5295,2379
4567,1651,5296,2380
4568,1652,5297,2381
4569,1653,5298,2382
4570,1654,5299,2383
4571,1655,5300,2384
4572,1656,5301,2385
4573,1657,5302,2386
4574,1658,5303,2387
4575,1659,5304,2388
4576,1660,5305,2389
4577,1661,5306,2390
4578,1662,5307,2391
4579,1663,5308,2392
4580,1664,5309,2393
4581,1665,5310,2394
4582,1666,5311,2395
4583,1667,5312,2396
4584,1668,5313,2397
4585,1669,5314,2398
4586,1670,5315,2399
4587,1671,5316,2400
4588,1672,5317,2401
4589,1673,5318,2402
4590,1674,5319,2403
4591,1675,5320,2404
4592,1676,5321,2405
4593,1677,5322,2406
4594,1678,5323,2407
4595,1679,5324,2408
4596,1680,5325,2409
4597,1681,5326,2410
4598,1682,5327,2411
4599,1683,5328,2412
4600,1684,5329,2413
4601,1685,5330,2414
4602,1686,5331,2415
4603,1687,5332,2416
4604,1688,5333,2417
4605,1689,5334,2418
4606,1690,5335,2419
4607,1691,5336,2420
4608,1692,5337,2421
4609,1693,5338,2422
4610,1694,5339,2423
4611,1695,5340,2424
4612,1696,5341,2425
4613,1697,5342,2426
4614,1698,5343,2427
4615,1699,5344,2428
4616,1700,5345,2429
4617,1701,5346,2430
4618,1702,5347,2431
4619,1703,5348,2432
4620,1704,5349,2433
4621,1705,5350,2434
4622,1706,5351,2435
4623,1707,5352,2436
4624,1708,5353,2437
4625,1709,5354,2438
4626,1710,5355,2439
4627,1711,5356,2440
4628,1712,5357,2441
4629,1713,5358,2442
4630,1714,5359,2443
4631,1715,5360,2444
4632,1716,5361,2445
4633,1717,5362,2446
4634,1718,5363,2447
4635,1719,5364,2448
4636,1720,5365,2449
4637,1721,5366,2450
4638,1722,5367,2451
4639,1723,5368,2452
4640,1724,5369,2453
4641,1725,5370,2454
4642,1726,5371,2455
4643,1727,5372,2456
4644,1728,5373,2457
4645,1729,5374,2458
4646,1730,5375,2459
4647,1731,5376,2460
4648,1732,5377,2461
4649,1733,5378,2462
4650,1734,5379,2463
4651,1735,5380,2464
4652,1736,5381,2465
4653,1737,5382,2466
4654,1738,5383,2467
4655,1739,5384,2468
4656,1740,5385,2469
4657,1741,5386,2470
4658,1742,5387,2471
4659,1743,5388,2472
4660,1744,5389,2473
4661,1745,5390,2474
4662,1746,5391,2475
4663,1747,5392,2476
4664,1748,5393,2477
4665,1749,5394,2478
4666,1750,5395,2479
4667,1751,5396,2480
4668,1752,5397,2481
4669,1753,5398,2482
4670,1754,5399,2483
4671,1755,5400,2484
4672,1756,5401,2485
4673,1757,5402,2486
4674,1758,5403,2487
4675,1759,5404,2488
4676,1760,5405,2489
4677,1761,5406,2490
4678,1762,5407,2491
4679,1763,5408,2492
4680,1764,5409,2493
4681,1765,5410,2494
4682,1766,5411,2495
4683,1767,5412,2496
4684,1768,5413,2497
4685,1769,5414,2498
4686,1770,5415,2499
4687,1771,5416,2500
4688,1772,5417,2501
4689,1773,5418,2502
4690,1774,5419,2503
4691,1775,5420,2504
4692,1776,5421,2505
4693,1777,5422,2506
4694,1778,5423,2507
4695,1779,5424,2508
4696,1780,5425,2509
4697,1781,5426,2510
4698,1782,5427,2511
4699,1783,5428,2512
4700,1784,5429,2513
4701,1785,5430,2514
4702,1786,5431,2515
4703,1787,5432,2516
4704,1788,5433,2517
4705,1789,5434,2518
4706,1790,5435,2519
4707,1791,5436,2520
4708,1792,5437,2521
4709,1793,5438,2522
4710,1794,5439,2523
4711,1795,5440,2524
4712,1796,5441,2525
4713,1797,5442,2526
4714,1798,5443,2527
4715,1799,5444,2528
4716,1800,5445,2529
4717,1801,5446,2530
4718,1802,5447,2531
4719,1803,5448,2532
4720,1804,5449,2533
4721,1805,5450,2534
4722,1806,5451,2535
4723,1807,5452,2536
4724,1808,5453,2537
4725,1809,5454,2538
4726,1810,5455,2539
4727,1811,5456,2540
4728,1812,5457,2541
4729,1813,5458,2542
4730,1814,5459,2543
4731,1815,5460,2544
4732,1816,5461,2545
4733,1817,5462,2546
4734,1818,5463,2547
4735,1819,5464,2548
4736,1820,5465,2549
4737,1821,5466,2550
4738,1822,5467,2551
4739,1823,5468,2552
4740,1824,5469,2553
4741,1825,5470,2554
4742,1826,5471,2555
4743,1827,5472,2556
4744,1828,5473,2557
4745,1829,5474,2558
4746,1830,5475,2559
4747,1831,5476,2560
4748,1832,5477,2561
4749,1833,5478,2562
4750,1834,5479,2563
4751,1835,5480,2564
4752,1836,5481,2565
4753,1837,5482,2566
4754,1838,5483,2567
4755,1839,5484,2568
4756,1840,5485,2569
4757,1841,5486,2570
4758,1842,5487,2571
4759,1843,5488,2572
4760,1844,5489,2573
4761,1845,5490,2574
4762,1846,5491,2575
4763,1847,5492,2576
4764,1848,5493,2577
4765,1849,5494,2578
4766,1850,5495,2579
4767,1851,5496,2580
4768,1852,5497,2581
4769,1853,5498,2582
4770,1854,5499,2583
4771,1855,5500,2584
4772,1856,5501,2585
4773,1857,5502,2586
4774,1858,5503,2587
4775,1859,5504,2588
4776,1860,5505,2589
4777,1861,5506,2590
4778,1862,5507,2591
4779,1863,5508,2592
4780,1864,5509,2593
4781,1865,5510,2594
4782,1866,5511,2595
4783,1867,5512,2596
4784,1868,5513,2597
4785,1869,5514,2598
4786,1870,5515,2599
4787,1871,5516,2600
4788,1872,5517,2601
4789,1873,5518,2602
4790,1874,5519,2603
4791,1875,5520,2604
4792,1876,5521,2605
4793,1877,5522,2606
4794,1878,5523,2607
4795,1879,5524,2608
4796,1880,5525,2609
4797,1881,5526,2610
4798,1882,5527,2611
4799,1883,5528,2612
4800,1884,5529,2613
4801,1885,5530,2614
4802,1886,5531,2615
4803,1887,5532,2616
4804,1888,5533,2617
4805,1889,5534,2618
4806,1890,5535,2619
4807,1891,5536,2620
4808,1892,5537,2621
4809,1893,5538,2622
4810,1894,5539,2623
4811,1895,5540,2624
4812,1896,5541,2625
4813,1897,5542,2626
4814,1898,5543,2627
4815,1899,5544,2628
4816,1900,5545,2629
4817,1901,5546,2630
4818,1902,5547,2631
4819,1903,5548,2632
4820,1904,5549,2633
4821,1905,5550,2634
4822,1906,5551,2635
4823,1907,5552,2636
4824,1908,5553,2637
4825,1909,5554,2638
4826,1910,5555,2639
4827,1911,5556,2640
4828,1912,5557,2641
4829,1913,5558,2642
4830,1914,5559,2643
4831,1915,5560,2644
4832,1916,5561,2645
4833,1917,5562,2646
4834,1918,5563,2647
4835,1919,5564,2648
4836,1920,5565,2649
4837,1921,5566,2650
4838,1922,5567,2651
4839,1923,5568,2652
4840,1924,5569,2653
4841,1925,5570,2654
4842,1926,5571,2655
4843,1927,5572,2656
4844,1928,5573,2657
4845,1929,5574,2658
4846,1930,5575,2659
4847,1931,5576,2660
4848,1932,5577,2661
4849,1933,5578,2662
4850,1934,5579,2663
4851,1935,5580,2664
4852,1936,5581,2665
4853,1937,5582,2666
4854,1938,5583,2667
4855,1939,5584,2668
4856,1940,5585,2669
4857,1941,5586,2670
4858,1942,5587,2671
4859,1943,5588,2672
4860,1944,5589,2673
4861,1945,5590,2674
4862,1946,5591,2675
4863,1947,5592,2676
4864,1948,5593,2677
4865,1949,5594,2678
4866,1950,5595,2679
4867,1951,5596,2680
4868,1952,5597,2681
4869,1953,5598,2682
4870,1954,5599,2683
4871,1955,5600,2684
4872,1956,5601,2685
4873,1957,5602,2686
4874,1958,5603,2687
4875,1959,5604,2688
4876,1960,5605,2689
4877,1961,5606,2690
4878,1962,5607,2691
4879,1963,5608,2692
4880,1964,5609,2693
4881,1965,5610,2694
4882,1966,5611,2695
4883,1967,5612,2696
4884,1968,5613,2697
4885,1969,5614,2698
4886,1970,5615,2699
4887,1971,5616,2700
4888,1972,5617,2701
4889,1973,5618,2702
4890,1974,5619,2703
4891,1975,5620,2704
4892,1976,5621,2705
4893,1977,5622,2706
4894,1978,5623,2707
4895,1979,5624,2708
4896,1980,5625,2709
4897,1981,5626,2710
4898,1982,5627,2711
4899,1983,5628,2712
4900,1984,5629,2713
4901,1985,5630,2714
4902,1986,5631,2715
4903,1987,5632,2716
4904,1988,5633,2717
4905,1989,5634,2718
4906,1990,5635,2719
4907,1991,5636,2720
4908,1992,5637,2721
4909,1993,5638,2722
4910,1994,5639,2723
4911,1995,5640,2724
4912,1996,5641,2725
4913,1997,5642,2726
4914,1998,5643,2727
4915,1999,5644,2728
4916,2000,5645,2729
4917,2001,5646,2730
4918,2002,5647,2731
4919,2003,5648,2732
4920,2004,5649,2733
4921,2005,5650,2734
4922,2006,5651,2735
4923,2007,5652,2736
4924,2008,5653,2737
4925,2009,5654,2738
4926,2010,5655,2739
4927,2011,5656,2740
4928,2012,5657,2741
4929,2013,5658,2742
4930,2014,5659,2743
4931,2015,5660,2744
4932,2016,5661,2745
4933,2017,5662,2746
4934,2018,5663,2747
4935,2019,5664,2748
4936,2020,5665,2749
4937,2021,5666,2750
4938,2022,5667,2751
4939,2023,5668,2752
4940,2024,5669,2753
4941,2025,5670,2754
4942,2026,5671,2755
4943,2027,5672,2756
4944,2028,5673,2757
4945,2029,5674,2758
4946,2030,5675,2759
4947,2031,5676,2760
4948,2032,5677,2761
4949,2033,5678,2762
4950,2034,5679,2763
4951,2035,5680,2764
4952,2036,5681,2765
4953,2037,5682,2766
4954,2038,5683,2767
4955,2039,5684,2768
4956,2040,5685,2769
4957,2041,5686,2770
4958,2042,5687,2771
4959,2043,5688,2772
4960,2044,5689,2773
4961,2045,5690,2774
4962,2046,5691,2775
4963,2047,5692,2776
4964,2048,5693,2777
4965,2049,5694,2778
4966,2050,5695,2779
4967,2051,5696,2780
4968,2052,5697,2781
4969,2053,5698,2782
4970,2054,5699,2783
4971,2055,5700,2784
4972,2056,5701,2785
4973,2057,5702,2786
4974,2058,5703,2787
4975,2059,5704,2788
4976,2060,5705,2789
4977,2061,5706,2790
4978,2062,5707,2791
4979,2063,5708,2792
4980,2064,5709,2793
4981,2065,5710,2794
4982,2066,5711,2795
4983,2067,5712,2796
4984,2068,5713,2797
4985,2069,5714,2798
4986,2070,5715,2799
4987,2071,5716,2800
4988,2072,5717,2801
4989,2073,5718,2802
4990,2074,5719,2803
4991,2075,5720,2804
4992,2076,5721,2805
4993,2077,5722,2806
4994,2078,5723,2807
4995,2079,5724,2808
4996,2080,5725,2809
4997,2081,5726,2810
4998,2082,5727,2811
4999,2083,5728,2812
5000,2084,5729,2813
5001,2085,5730,2814
5002,2086,5731,2815
5003,2087,5732,2816
5004,2088,5733,2817
5005,2089,5734,2818
5006,2090,5735,2819
5007,2091,5736,2820
5008,2092,5737,2821
5009,2093,5738,2822
5010,2094,5739,2823
5011,2095,5740,2824
5012,2096,5741,2825
5013,2097,5742,2826
5014,2098,5743,2827
5015,2099,5744,2828
5016,2100,5745,2829
5017,2101,5746,2830
5018,2102,5747,2831
5019,2103,5748,2832
5020,2104,5749,2833
5021,2105,5750,2834
5022,2106,5751,2835
5023,2107,5752,2836
5024,2108,5753,2837
5025,2109,5754,2838
5026,2110,5755,2839
5027,2111,5756,2840
5028,2112,5757,2841
5029,2113,5758,2842
5030,2114,5759,2843
5031,2115,5760,2844
5032,2116,5761,2845
5033,2117,5762,2846
5034,2118,5763,2847
5035,2119,5764,2848
5036,2120,5765,2849
5037,2121,5766,2850
5038,2122,5767,2851
5039,2123,5768,2852
5040,2124,5769,2853
5041,2125,5770,2854
5042,2126,5771,2855
5043,2127,5772,2856
5044,2128,5773,2857
5045,2129,5774,2858
5046,2130,5775,2859
5047,2131,5776,2860
5048,2132,5777,2861
5049,2133,5778,2862
5050,2134,5779,2863
5051,2135,5780,2864
5052,2136,5781,2865
5053,2137,5782,2866
5054,2138,5783,2867
5055,2139,5784,2868
5056,2140,5785,2869
5057,2141,5786,2870
5058,2142,5787,2871
5059,2143,5788,2872
5060,2144,5789,2873
5061,2145,5790,2874
5062,2146,5791,2875
5063,2147,5792,2876
5064,2148,5793,2877
5065,2149,5794,2878
5066,2150,5795,2879
5067,2151,5796,2880
5068,2152,5797,2881
5069,2153,5798,2882
5070,2154,5799,2883
5071,2155,5800,2884
5072,2156,5801,2885
5073,2157,5802,2886
5074,2158,5803,2887
5075,2159,5804,2888
5076,2160,5805,2889
5077,2161,5806,2890
5078,2162,5807,2891
5079,2163,5808,2892
5080,2164,5809,2893
5081,2165,5810,2894
5082,2166,5811,2895
5083,2167,5812,2896
5084,2168,5813,2897
5085,2169,5814,2898
5086,2170,5815,2899
5087,2171,5816,2900
5088,2172,5817,2901
5089,2173,5818,2902
5090,2174,5819,2903
5091,2175,5820,2904
5092,2176,5821,2905
5093,2177,5822,2906
5094,2178,5823,2907
5095,2179,5824,2908
5096,2180,5825,2909
5097,2181,5826,2910
5098,2182,5827,2911
5099,2183,5828,2912
5100,2184,5829,2913
5101,2185,5830,2914
5102,2186,5831,2915
5103,2187,5832,2916
2917,7291,8020,3646
2918,7292,8021,3647
2919,7293,8022,3648
2920,7294,8023,3649
2921,7295,8024,3650
2922,7296,8025,3651
2923,7297,8026,3652
2924,7298,8027,3653
2925,7299,8028,3654
2926,7300,8029,3655
2927,7301,8030,3656
2928,7302,8031,3657
2929,7303,8032,3658
2930,7304,8033,3659
2931,7305,8034,3660
2932,7306,8035,3661
2933,7307,8036,3662
2934,7308,8037,3663
2935,7309,8038,3664
2936,7310,8039,3665
2937,7311,8040,3666
2938,7312,8041,3667
2939,7313,8042,3668
2940,7314,8043,3669
2941,7315,8044,3670
2942,7316,8045,3671
2943,7317,8046,3672
2944,7318,8047,3673
2945,7319,8048,3674
2946,7320,8049,3675
2947,7321,8050,3676
2948,7322,8051,3677
2949,7323,8052,3678
2950,7324,8053,3679
2951,7325,8054,3680
2952,7326,8055,3681
2953,7327,8056,3682
2954,7328,8057,3683
2955,7329,8058,3684
2956,7330,8059,3685
2957,7331,8060,3686
2958,7332,8061,3687
2959,7333,8062,3688
2960,7334,8063,3689
2961,7335,8064,3690
2962,7336,8065,3691
2963,7337,8066,3692
2964,7338,8067,3693
2965,7339,8068,3694
2966,7340,8069,3695
2967,7341,8070,3696
2968,7342,8071,3697
2969,7343,8072,3698
2970,7344,8073,3699
2971,7345,8074,3700
2972,7346,8075,3701
2973,7347,8076,3702
2974,7348,8077,3703
2975,7349,8078,3704
2976,7350,8079,3705
2977,7351,8080,3706
2978,7352,8081,3707
2979,7353,8082,3708
2980,7354,8083,3709
2981,7355,8084,3710
2982,7356,8085,3711
2983,7357,8086,3712
2984,7358,8087,3713
2985,7359,8088,3714
2986,7360,8089,3715
2987,7361,8090,3716
2988,7362,8091,3717
2989,7363,8092,3718
2990,7364,8093,3719
2991,7365,8094,3720
2992,7366,8095,3721
2993,7367,8096,3722
2994,7368,8097,3723
2995,7369,8098,3724
2996,7370,8099,3725
2997,7371,8100,3726
2998,7372,8101,3727
2999,7373,8102,3728
3000,7374,8103,3729
3001,7375,8104,3730
3002,7376,8105,3731
3003,7377,8106,3732
3004,7378,8107,3733
3005,7379,8108,3734
3006,7380,8109,3735
3007,7381,8110,3736
3008,7382,8111,3737
3009,7383,8112,3738
3010,7384,8113,3739
3011,7385,8114,3740
3012,7386,8115,3741
3013,7387,8116,3742
3014,7388,8117,3743
3015,7389,8118,3744
3016,7390,8119,3745
3017,7391,8120,3746
3018,7392,8121,3747
3019,7393,8122,3748
3020,7394,8123,3749
3021,7395,8124,3750
3022,7396,8125,3751
3023,7397,8126,3752
3024,7398,8127,3753
3025,7399,8128,3754
3026,7400,8129,3755
3027,7401,8130,3756
3028,7402,8131,3757
3029,7403,8132,3758
3030,7404,8133,3759
3031,7405,8134,3760
3032,7406,8135,3761
3033,7407,8136,3762
3034,7408,8137,3763
3035,7409,8138,3764
3036,7410,8139,3765
3037,7411,8140,3766
3038,7412,8141,3767
3039,7413,8142,3768
3040,7414,8143,3769
3041,7415,8144,3770
3042,7416,8145,3771
3043,7417,8146,3772
3044,7418,8147,3773
3045,7419,8148,3774
3046,7420,8149,3775
3047,7421,8150,3776
3048,7422,8151,3777
3049,7423,8152,3778
3050,7424,8153,3779
3051,7425,8154,3780
3052,7426,8155,3781
3053,7427,8156,3782
3054,7428,8157,3783
3055,7429,8158,3784
3056,7430,8159,3785
3057,7431,8160,3786
3058,7432,8161,3787
3059,7433,8162,3788
3060,7434,8163,3789
3061,7435,8164,3790
3062,7436,8165,3791
3063,7437,8166,3792
3064,7438,8167,3793
3065,7439,8168,3794
3066,7440,8169,3795
3067,7441,8170,3796
3068,7442,8171,3797
3069,7443,8172,3798
3070,7444,8173,3799
3071,7445,8174,3800
3072,7446,8175,3801
3073,7447,8176,3802
3074,7448,8177,3803
3075,7449,8178,3804
3076,7450,8179,3805
3077,7451,8180,3806
3078,7452,8181,3807
3079,7453,8182,3808
3080,7454,8183,3809
3081,7455,8184,3810
3082,7456,8185,3811
3083,7457,8186,3812
3084,7458,8187,3813
3085,7459,8188,3814
3086,7460,8189,3815
3087,7461,8190,3816
3088,7462,8191,3817
3089,7463,8192,3818
3090,7464,8193,3819
3091,7465,8194,3820
3092,7466,8195,3821
3093,7467,8196,3822
3094,7468,8197,3823
3095,7469,8198,3824
3096,7470,8199,3825
3097,7471,8200,3826
3098,7472,8201,3827
3099,7473,8202,3828
3100,7474,8203,3829
3101,7475,8204,3830
3102,7476,8205,3831
3103,7477,8206,3832
3104,7478,8207,3833
3105,7479,8208,3834
3106,7480,8209,3835
3107,7481,8210,3836
3108,7482,8211,3837
3109,7483,8212,3838
3110,7484,8213,3839
3111,7485,8214,3840
3112,7486,8215,3841
3113,7487,8216,3842
3114,7488,8217,3843
3115,7489,8218,3844
3116,7490,8219,3845
3117,7491,8220,3846
3118,7492,8221,3847
3119,7493,8222,3848
3120,7494,8223,3849
3121,7495,8224,3850
3122,7496,8225,3851
3123,7497,8226,3852
3124,7498,8227,3853
3125,7499,8228,3854
3126,7500,8229,3855
3127,7501,8230,3856
3128,7502,8231,3857
3129,7503,8232,3858
3130,7504,8233,3859
3131,7505,8234,3860
3132,7506,8235,3861
3133,7507,8236,3862
3134,7508,8237,3863
3135,7509,8238,3864
3136,7510,8239,3865
3137,7511,8240,3866
3138,7512,8241,3867
3139,7513,8242,3868
3140,7514,8243,3869
3141,7515,8244,3870
3142,7516,8245,3871
3143,7517,8246,3872
3144,7518,8247,3873
3145,7519,8248,3874
3146,7520,8249,3875
3147,7521,8250,3876
3148,7522,8251,3877
3149,7523,8252,3878
3150,7524,8253,3879
3151,7525,8254,3880
3152,7526,8255,3881
3153,7527,8256,3882
3154,7528,8257,3883
3155,7529,8258,3884
3156,7530,8259,3885
3157,7531,8260,3886
3158,7532,8261,3887
3159,7533,8262,3888
3160,7534,8263,3889
3161,7535,8264,3890
3162,7536,8265,3891
3163,7537,8266,3892
3164,7538,8267,3893
3165,7539,8268,3894
3166,7540,8269,3895
3167,7541,8270,3896
3168,7542,8271,3897
3169,7543,8272,3898
3170,7544,8273,3899
3171,7545,8274,3900
3172,7546,8275,3901
3173,7547,8276,3902
3174,7548,8277,3903
3175,7549,8278,3904
3176,7550,8279,3905
3177,7551,8280,3906
3178,7552,8281,3907
3179,7553,8282,3908
3180,7554,8283,3909
3181,7555,8284,3910
3182,7556,8285,3911
3183,7557,8286,3912
3184,7558,8287,3913
3185,7559,8288,3914
3186,7560,8289,3915
3187,7561,8290,3916
3188,7562,8291,3917
3189,7563,8292,3918
3190,7564,8293,3919
3191,7565,8294,3920
3192,7566,8295,3921
3193,7567,8296,3922
3194,7568,8297,3923
3195,7569,8298,3924
3196,7570,8299,3925
3197,7571,8300,3926
3198,7572,8301,3927
3199,7573,8302,3928
3200,7574,8303,3929
3201,7575,8304,3930
3202,7576,8305,3931
3203,7577,8306,3932
3204,7578,8307,3933
3205,7579,8308,3934
3206,7580,8309,3935
3207,7581,8310,3936
3208,7582,8311,3937
3209,7583,8312,3938
3210,7584,8313,3939
3211,7585,8314,3940
3212,7586,8315,3941
3213,7587,8316,3942
3214,7588,8317,3943
3215,7589,8318,3944
3216,7590,8319,3945
3217,7591,8320,3946
3218,7592,8321,3947
3219,7593,8322,3948
3220,7594,8323,3949
3221,7595,8324,3950
3222,7596,8325,3951
3223,7597,8326,3952
3224,7598,8327,3953
3225,7599,8328,3954
3226,7600,8329,3955
3227,7601,8330,3956
3228,7602,8331,3957
3229,7603,8332,3958
3230,7604,8333,3959
3231,7605,8334,3960
3232,7606,8335,3961
3233,7607,8336,3962
3234,7608,8337,3963
3235,7609,8338,3964
3236,7610,8339,3965
3237,7611,8340,3966
3238,7612,8341,3967
3239,7613,8342,3968
3240,7614,8343,3969
3241,7615,8344,3970
3242,7616,8345,3971
3243,7617,8346,3972
3244,7618,8347,3973
3245,7619,8348,3974
3246,7620,8349,3975
3247,7621,8350,3976
3248,7622,8351,3977
3249,7623,8352,3978
3250,7624,8353,3979
3251,7625,8354,3980
3252,7626,8355,3981
3253,7627,8356,3982
3254,7628,8357,3983
3255,7629,8358,3984
3256,7630,8359,3985
3257,7631,8360,3986
3258,7632,8361,3987
3259,7633,8362,3988
3260,7634,8363,3989
3261,7635,8364,3990
3262,7636,8365,3991
3263,7637,8366,3992
3264,7638,8367,3993
3265,7639,8368,3994
3266,7640,8369,3995
3267,7641,8370,3996
3268,7642,8371,3997
3269,7643,8372,3998
3270,7644,8373,3999
3271,7645,8374,4000
3272,7646,8375,4001
3273,7647,8376,4002
3274,7648,8377,4003
3275,7649,8378,4004
3276,7650,8379,4005
3277,7651,8380,4006
3278,7652,8381,4007
3279,7653,8382,4008
3280,7654,8383,4009
3281,7655,8384,4010
3282,7656,8385,4011
3283,7657,8386,4012
3284,7658,8387,4013
3285,7659,8388,4014
3286,7660,8389,4015
3287,7661,8390,4016
3288,7662,8391,4017
3289,7663,8392,4018
3290,7664,8393,4019
3291,7665,8394,4020
3292,7666,8395,4021
3293,7667,8396,4022
3294,7668,8397,4023
3295,7669,8398,4024
3296,7670,8399,4025
3297,7671,8400,4026
3298,7672,8401,4027
3299,7673,8402,4028
3300,7674,8403,4029
3301,7675,8404,4030
3302,7676,8405,4031
3303,7677,8406,4032
3304,7678,8407,4033
3305,7679,8408,4034
3306,7680,8409,4035
3307,7681,8410,4036
3308,7682,8411,4037
3309,7683,8412,4038
3310,7684,8413,4039
3311,7685,8414,4040
3312,7686,8415,4041
3313,7687,8416,4042
3314,7688,8417,4043
3315,7689,8418,4044
3316,7690,8419,4045
3317,7691,8420,4046
3318,7692,8421,4047
3319,7693,8422,4048
3320,7694,8423,4049
3321,7695,8424,4050
3322,7696,8425,4051
3323,7697,8426,4052
3324,7698,8427,4053
3325,7699,8428,4054
3326,7700,8429,4055
3327,7701,8430,4056
3328,7702,8431,4057
3329,7703,8432,4058
3330,7704,8433,4059
3331,7705,8434,4060
3332,7706,8435,4061
3333,7707,8436,4062
3334,7708,8437,4063
3335,7709,8438,4064
3336,7710,8439,4065
3337,7711,8440,4066
3338,7712,8441,4067
3339,7713,8442,4068
3340,7714,8443,4069
3341,7715,8444,4070
3342,7716,8445,4071
3343,7717,8446,4072
3344,7718,8447,4073
3345,7719,8448,4074
3346,7720,8449,4075
3347,7721,8450,4076
3348,7722,8451,4077
3349,7723,8452,4078
3350,7724,8453,4079
3351,7725,8454,4080
3352,7726,8455,4081
3353,7727,8456,4082
3354,7728,8457,4083
3355,7729,8458,4084
3356,7730,8459,4085
3357,7731,8460,4086
3358,7732,8461,4087
3359,7733,8462,4088
3360,7734,8463,4089
3361,7735,8464,4090
3362,7736,8465,4091
3363,7737,8466,4092
3364,7738,8467,4093
3365,7739,8468,4094
3366,7740,8469,4095
3367,7741,8470,4096
3368,7742,8471,4097
3369,7743,8472,4098
3370,7744,8473,4099
3371,7745,8474,4100
3372,7746,8475,4101
3373,7747,8476,4102
3374,7748,8477,4103
3375,7749,8478,4104
3376,7750,8479,4105
3377,7751,8480,4106
3378,7752,8481,4107
3379,7753,8482,4108
3380,7754,8483,4109
3381,7755,8484,4110
3382,7756,8485,4111
3383,7757,8486,4112
3384,7758,8487,4113
3385,7759,8488,4114
3386,7760,8489,4115
3387,7761,8490,4116
3388,7762,8491,4117
3389,7763,8492,4118
3390,7764,8493,4119
3391,7765,8494,4120
3392,7766,8495,4121
3393,7767,8496,4122
3394,7768,8497,4123
3395,7769,8498,4124
3396,7770,8499,4125
3397,7771,8500,4126
3398,7772,8501,4127
3399,7773,8502,4128
3400,7774,8503,4129
3401,7775,8504,4130
3402,7776,8505,4131
3403,7777,8506,4132
3404,7778,8507,4133
3405,7779,8508,4134
3406,7780,8509,4135
3407,7781,8510,4136
3408,7782,8511,4137
3409,7783,8512,4138
3410,7784,8513,4139
3411,7785,8514,4140
3412,7786,8515,4141
3413,7787,8516,4142
3414,7788,8517,4143
3415,7789,8518,4144
3416,7790,8519,4145
3417,7791,8520,4146
3418,7792,8521,4147
3419,7793,8522,4148
3420,7794,8523,4149
3421,7795,8524,4150
3422,7796,8525,4151
3423,7797,8526,4152
3424,7798,8527,4153
3425,7799,8528,4154
3426,7800,8529,4155
3427,7801,8530,4156
3428,7802,8531,4157
3429,7803,8532,4158
3430,7804,8533,4159
3431,7805,8534,4160
3432,7806,8535,4161
3433,7807,8536,4162
3434,7808,8537,4163
3435,7809,8538,4164
3436,7810,8539,4165
3437,7811,8540,4166
3438,7812,8541,4167
3439,7813,8542,4168
3440,7814,8543,4169
3441,7815,8544,4170
3442,7816,8545,4171
3443,7817,8546,4172
3444,7818,8547,4173
3445,7819,8548,4174
3446,7820,8549,4175
3447,7821,8550,4176
3448,7822,8551,4177
3449,7823,8552,4178
3450,7824,8553,4179
3451,7825,8554,4180
3452,7826,8555,4181
3453,7827,8556,4182
3454,7828,8557,4183
3455,7829,8558,4184
3456,7830,8559,4185
3457,7831,8560,4186
3458,7832,8561,4187
3459,7833,8562,4188
3460,7834,8563,4189
3461,7835,8564,4190
3462,7836,8565,4191
3463,7837,8566,4192
3464,7838,8567,4193
3465,7839,8568,4194
3466,7840,8569,4195
3467,7841,8570,4196
3468,7842,8571,4197
3469,7843,8572,4198
3470,7844,8573,4199
3471,7845,8574,4200
3472,7846,8575,4201
3473,7847,8576,4202
3474,7848,8577,4203
3475,7849,8578,4204
3476,7850,8579,4205
3477,7851,8580,4206
3478,7852,8581,4207
3479,7853,8582,4208
3480,7854,8583,4209
3481,7855,8584,4210
3482,7856,8585,4211
3483,7857,8586,4212
3484,7858,8587,4213
3485,7859,8588,4214
3486,7860,8589,4215
3487,7861,8590,4216
3488,7862,8591,4217
3489,7863,8592,4218
3490,7864,8593,4219
3491,7865,8594,4220
3492,7866,8595,4221
3493,7867,8596,4222
3494,7868,8597,4223
3495,7869,8598,4224
3496,7870,8599,4225
3497,7871,8600,4226
3498,7872,8601,4227
3499,7873,8602,4228
3500,7874,8603,4229
3501,7875,8604,4230
3502,7876,8605,4231
3503,7877,8606,4232
3504,7878,8607,4233
3505,7879,8608,4234
3506,7880,8609,4235
3507,7881,8610,4236
3508,7882,8611,4237
3509,7883,8612,4238
3510,7884,8613,4239
3511,7885,8614,4240
3512,7886,8615,4241
3513,7887,8616,4242
3514,7888,8617,4243
3515,7889,8618,4244
3516,7890,8619,4245
3517,7891,8620,4246
3518,7892,8621,4247
3519,7893,8622,4248
3520,7894,8623,4249
3521,7895,8624,4250
3522,7896,8625,4251
3523,7897,8626,4252
3524,7898,8627,4253
3525,7899,8628,4254
3526,7900,8629,4255
3527,7901,8630,4256
3528,7902,8631,4257
3529,7903,8632,4258
3530,7904,8633,4259
3531,7905,8634,4260
3532,7906,8635,4261
3533,7907,8636,4262
3534,7908,8637,4263
3535,7909,8638,4264
3536,7910,8639,4265
3537,7911,8640,4266
3538,7912,8641,4267
3539,7913,8642,4268
3540,7914,8643,4269
3541,7915,8644,4270
3542,7916,8645,4271
3543,7917,8646,4272
3544,7918,8647,4273
3545,7919,8648,4274
3546,7920,8649,4275
3547,7921,8650,4276
3548,7922,8651,4277
3549,7923,8652,4278
3550,7924,8653,4279
3551,7925,8654,4280
3552,7926,8655,4281
3553,7927,8656,4282
3554,7928,8657,4283
3555,7929,8658,4284
3556,7930,8659,4285
3557,7931,8660,4286
3558,7932,8661,4287
3559,7933,8662,4288
3560,7934,8663,4289
3561,7935,8664,4290
3562,7936,8665,4291
3563,7937,8666,4292
3564,7938,8667,4293
3565,7939,8668,4294
3566,7940,8669,4295
3567,7941,8670,4296
3568,7942,8671,4297
3569,7943,8672,4298
3570,7944,8673,4299
3571,7945,8674,4300
3572,7946,8675,4301
3573,7947,8676,4302
3574,7948,8677,4303
3575,7949,8678,4304
3576,7950,8679,4305
3577,7951,8680,4306
3578,7952,8681,4307
3579,7953,8682,4308
3580,7954,8683,4309
3581,7955,8684,4310
3582,7956,8685,4311
3583,7957,8686,4312
3584,7958,8687,4313
3585,7959,8688,4314
3586,7960,8689,4315
3587,7961,8690,4316
3588,7962,8691,4317
3589,7963,8692,4318
3590,7964,8693,4319
3591,7965,8694,4320
3592,7966,8695,4321
3593,7967,8696,4322
3594,7968,8697,4323
3595,7969,8698,4324
3596,7970,8699,4325
3597,7971,8700,4326
3598,7972,8701,4327
3599,7973,8702,4328
3600,7974,8703,4329
3601,7975,8704,4330
3602,7976,8705,4331
3603,7977,8706,4332
3604,7978,8707,4333
3605,7979,8708,4334
3606,7980,8709,4335
3607,7981,8710,4336
3608,7982,8711,4337
3609,7983,8712,4338
3610,7984,8713,4339
3611,7985,8714,4340
3612,7986,8715,4341
3613,7987,8716,4342
3614,7988,8717,4343
3615,7989,8718,4344
3616,7990,8719,4345
3617,7991,8720,4346
3618,7992,8721,4347
3619,7993,8722,4348
3620,7994,8723,4349
3621,7995,8724,4350
3622,7996,8725,4351
3623,7997,8726,4352
3624,7998,8727,4353
3625,7999,8728,4354
3626,8000,8729,4355
3627,8001,8730,4356
3628,8002,8731,4357
3629,8003,8732,4358
3630,8004,8733,4359
3631,8005,8734,4360
3632,8006,8735,4361
3633,8007,8736,4362
3634,8008,8737,4363
3635,8009,8738,4364
3636,8010,8739,4365
3637,8011,8740,4366
3638,8012,8741,4367
3639,8013,8742,4368
3640,8014,8743,4369
3641,8015,8744,4370
3642,8016,8745,4371
3643,8017,8746,4372
3644,8018,8747,4373
3645,8019,8748,4374
