2355,1595,1620,1458
2356,1593,1621,1459
2357,1594,1622,1460
2349,1598,1623,1461
2350,1596,1624,1462
2351,1597,1625,1463
2352,1601,1626,1464
2353,1599,1627,1465
2354,1600,1628,1466
2364,1604,1629,1467
2365,1602,1630,1468
2366,1603,1631,1469
2358,1607,1632,1470
2359,1605,1633,1471
2360,1606,1634,1472
2361,1610,1635,1473
2362,1608,1636,1474
2363,1609,1637,1475
2373,1613,1638,1476
2374,1611,1639,1477
2375,1612,1640,1478
2367,1616,1641,1479
2368,1614,1642,1480
2369,1615,1643,1481
2370,1619,1644,1482
2371,1617,1645,1483
2372,1618,1646,1484
2382,1485,1647,1512
2383,1486,1648,1513
2384,1487,1649,1514
2376,1488,1650,1515
2377,1489,1651,1516
2378,1490,1652,1517
2379,1491,1653,1518
2380,1492,1654,1519
2381,1493,1655,1520
2391,1494,1656,1521
2392,1495,1657,1522
2393,1496,1658,1523
2385,1497,1659,1524
2386,1498,1660,1525
2387,1499,1661,1526
2388,1500,1662,1527
2389,1501,1663,1528
2390,1502,1664,1529
2400,1503,1665,1530
2401,1504,1666,1531
2402,1505,1667,1532
2394,1506,1668,1533
2395,1507,1669,1534
2396,1508,1670,1535
2397,1509,1671,1536
2398,1510,1672,1537
2399,1511,1673,1538
2409,1674,1539,1566
2410,1675,1540,1567
2411,1676,1541,1568
2403,1677,1542,1569
2404,1678,1543,1570
2405,1679,1544,1571
2406,1680,1545,1572
2407,1681,1546,1573
2408,1682,1547,1574
2418,1683,1548,1575
2419,1684,1549,1576
2420,1685,1550,1577
2412,1686,1551,1578
2413,1687,1552,1579
2414,1688,1553,1580
2415,1689,1554,1581
2416,1690,1555,1582
2417,1691,1556,1583
2427,1692,1557,1584
2428,1693,1558,1585
2429,1694,1559,1586
2421,1695,1560,1587
2422,1696,1561,1588
2423,1697,1562,1589
2424,1698,1563,1590
2425,1699,1564,1591
2426,1700,1565,1592
1701,1919,1944,1782
1702,1917,1945,1783
1703,1918,1946,1784
1704,1922,1947,1785
1705,1920,1948,1786
1706,1921,1949,1787
1707,1925,1950,1788
1708,1923,1951,1789
1709,1924,1952,1790
1710,1928,1953,1791
1711,1926,1954,1792
1712,1927,1955,1793
1713,1931,1956,1794
1714,1929,1957,1795
1715,1930,1958,1796
1716,1934,1959,1797
1717,1932,1960,1798
1718,1933,1961,1799
1719,1937,1962,1800
1720,1935,1963,1801
1721,1936,1964,1802
1722,1940,1965,1803
1723,1938,1966,1804
1724,1939,1967,1805
1725,1943,1968,1806
1726,1941,1969,1807
1727,1942,1970,1808
1728,1809,1971,1836
1729,1810,1972,1837
1730,1811,1973,1838
1731,1812,1974,1839
1732,1813,1975,1840
1733,1814,1976,1841
1734,1815,1977,1842
1735,1816,1978,1843
1736,1817,1979,1844
1737,1818,1980,1845
1738,1819,1981,1846
1739,1820,1982,1847
1740,1821,1983,1848
1741,1822,1984,1849
1742,1823,1985,1850
1743,1824,1986,1851
1744,1825,1987,1852
1745,1826,1988,1853
1746,1827,1989,1854
1747,1828,1990,1855
1748,1829,1991,1856
1749,1830,1992,1857
1750,1831,1993,1858
1751,1832,1994,1859
1752,1833,1995,1860
1753,1834,1996,1861
1754,1835,1997,1862
1755,1998,1863,1890
1756,1999,1864,1891
1757,2000,1865,1892
1758,2001,1866,1893
1759,2002,1867,1894
1760,2003,1868,1895
1761,2004,1869,1896
1762,2005,1870,1897
1763,2006,1871,1898
1764,2007,1872,1899
1765,2008,1873,1900
1766,2009,1874,1901
1767,2010,1875,1902
1768,2011,1876,1903
1769,2012,1877,1904
1770,2013,1878,1905
1771,2014,1879,1906
1772,2015,1880,1907
1773,2016,1881,1908
1774,2017,1882,1909
1775,2018,1883,1910
1776,2019,1884,1911
1777,2020,1885,1912
1778,2021,1886,1913
1779,2022,1887,1914
1780,2023,1888,1915
1781,2024,1889,1916
2243,2106,2025,2268
2241,2107,2026,2269
2242,2108,2027,2270
2246,2109,2028,2271
2244,2110,2029,2272
2245,2111,2030,2273
2249,2112,2031,2274
2247,2113,2032,2275
2248,2114,2033,2276
2252,2115,2034,2277
2250,2116,2035,2278
2251,2117,2036,2279
2255,2118,2037,2280
2253,2119,2038,2281
2254,2120,2039,2282
2258,2121,2040,2283
2256,2122,2041,2284
2257,2123,2042,2285
2261,2124,2043,2286
2259,2125,2044,2287
2260,2126,2045,2288
2264,2127,2046,2289
2262,2128,2047,2290
2263,2129,2048,2291
2267,2130,2049,2292
2265,2131,2050,2293
2266,2132,2051,2294
2133,2160,2052,2295
2134,2161,2053,2296
2135,2162,2054,2297
2136,2163,2055,2298
2137,2164,2056,2299
2138,2165,2057,2300
2139,2166,2058,2301
2140,2167,2059,2302
2141,2168,2060,2303
2142,2169,2061,2304
2143,2170,2062,2305
2144,2171,2063,2306
2145,2172,2064,2307
2146,2173,2065,2308
2147,2174,2066,2309
2148,2175,2067,2310
2149,2176,2068,2311
2150,2177,2069,2312
2151,2178,2070,2313
2152,2179,2071,2314
2153,2180,2072,2315
2154,2181,2073,2316
2155,2182,2074,2317
2156,2183,2075,2318
2157,2184,2076,2319
2158,2185,2077,2320
2159,2186,2078,2321
2187,2079,2214,2322
2188,2080,2215,2323
2189,2081,2216,2324
2190,2082,2217,2325
2191,2083,2218,2326
2192,2084,2219,2327
2193,2085,2220,2328
2194,2086,2221,2329
2195,2087,2222,2330
2196,2088,2223,2331
2197,2089,2224,2332
2198,2090,2225,2333
2199,2091,2226,2334
2200,2092,2227,2335
2201,2093,2228,2336
2202,2094,2229,2337
2203,2095,2230,2338
2204,2096,2231,2339
2205,2097,2232,2340
2206,2098,2233,2341
2207,2099,2234,2342
2208,2100,2235,2343
2209,2101,2236,2344
2210,2102,2237,2345
2211,2103,2238,2346
2212,2104,2239,2347
2213,2105,2240,2348
5271,4511,4536,4374
5272,4509,4537,4375
5273,4510,4538,4376
5265,4514,4539,4377
5266,4512,4540,4378
5267,4513,4541,4379
5268,4517,4542,4380
5269,4515,4543,4381
5270,4516,4544,4382
5280,4520,4545,4383
5281,4518,4546,4384
5282,4519,4547,4385
5274,4523,4548,4386
5275,4521,4549,4387
5276,4522,4550,4388
5277,4526,4551,4389
5278,4524,4552,4390
5279,4525,4553,4391
5289,4529,4554,4392
5290,4527,4555,4393
5291,4528,4556,4394
5283,4532,4557,4395
5284,4530,4558,4396
5285,4531,4559,4397
5286,4535,4560,4398
5287,4533,4561,4399
5288,4534,4562,4400
5298,4401,4563,4428
5299,4402,4564,4429
5300,4403,4565,4430
5292,4404,4566,4431
5293,4405,4567,4432
5294,4406,4568,4433
5295,4407,4569,4434
5296,4408,4570,4435
5297,4409,4571,4436
5307,4410,4572,4437
5308,4411,4573,4438
5309,4412,4574,4439
5301,4413,4575,4440
5302,4414,4576,4441
5303,4415,4577,4442
5304,4416,4578,4443
5305,4417,4579,4444
5306,4418,4580,4445
5316,4419,4581,4446
5317,4420,4582,4447
5318,4421,4583,4448
5310,4422,4584,4449
5311,4423,4585,4450
5312,4424,4586,4451
5313,4425,4587,4452
5314,4426,4588,4453
5315,4427,4589,4454
5325,4590,4455,4482
5326,4591,4456,4483
5327,4592,4457,4484
5319,4593,4458,4485
5320,4594,4459,4486
5321,4595,4460,4487
5322,4596,4461,4488
5323,4597,4462,4489
5324,4598,4463,4490
5334,4599,4464,4491
5335,4600,4465,4492
5336,4601,4466,4493
5328,4602,4467,4494
5329,4603,4468,4495
5330,4604,4469,4496
5331,4605,4470,4497
5332,4606,4471,4498
5333,4607,4472,4499
5343,4608,4473,4500
5344,4609,4474,4501
5345,4610,4475,4502
5337,4611,4476,4503
5338,4612,4477,4504
5339,4613,4478,4505
5340,4614,4479,4506
5341,4615,4480,4507
5342,4616,4481,4508
4617,4835,4860,4698
4618,4833,4861,4699
4619,4834,4862,4700
4620,4838,4863,4701
4621,4836,4864,4702
4622,4837,4865,4703
4623,4841,4866,4704
4624,4839,4867,4705
4625,4840,4868,4706
4626,4844,4869,4707
4627,4842,4870,4708
4628,4843,4871,4709
4629,4847,4872,4710
4630,4845,4873,4711
4631,4846,4874,4712
4632,4850,4875,4713
4633,4848,4876,4714
4634,4849,4877,4715
4635,4853,4878,4716
4636,4851,4879,4717
4637,4852,4880,4718
4638,4856,4881,4719
4639,4854,4882,4720
4640,4855,4883,4721
4641,4859,4884,4722
4642,4857,4885,4723
4643,4858,4886,4724
4644,4725,4887,4752
4645,4726,4888,4753
4646,4727,4889,4754
4647,4728,4890,4755
4648,4729,4891,4756
4649,4730,4892,4757
4650,4731,4893,4758
4651,4732,4894,4759
4652,4733,4895,4760
4653,4734,4896,4761
4654,4735,4897,4762
4655,4736,4898,4763
4656,4737,4899,4764
4657,4738,4900,4765
4658,4739,4901,4766
4659,4740,4902,4767
4660,4741,4903,4768
4661,4742,4904,4769
4662,4743,4905,4770
4663,4744,4906,4771
4664,4745,4907,4772
4665,4746,4908,4773
4666,4747,4909,4774
4667,4748,4910,4775
4668,4749,4911,4776
4669,4750,4912,4777
4670,4751,4913,4778
4671,4914,4779,4806
4672,4915,4780,4807
4673,4916,4781,4808
4674,4917,4782,4809
4675,4918,4783,4810
4676,4919,4784,4811
4677,4920,4785,4812
4678,4921,4786,4813
4679,4922,4787,4814
4680,4923,4788,4815
4681,4924,4789,4816
4682,4925,4790,4817
4683,4926,4791,4818
4684,4927,4792,4819
4685,4928,4793,4820
4686,4929,4794,4821
4687,4930,4795,4822
4688,4931,4796,4823
4689,4932,4797,4824
4690,4933,4798,4825
4691,4934,4799,4826
4692,4935,4800,4827
4693,4936,4801,4828
4694,4937,4802,4829
4695,4938,4803,4830
4696,4939,4804,4831
4697,4940,4805,4832
5159,5022,4941,5184
5157,5023,4942,5185
5158,5024,4943,5186
5162,5025,4944,5187
5160,5026,4945,5188
5161,5027,4946,5189
5165,5028,4947,5190
5163,5029,4948,5191
5164,5030,4949,5192
5168,5031,4950,5193
5166,5032,4951,5194
5167,5033,4952,5195
5171,5034,4953,5196
5169,5035,4954,5197
5170,5036,4955,5198
5174,5037,4956,5199
5172,5038,4957,5200
5173,5039,4958,5201
5177,5040,4959,5202
5175,5041,4960,5203
5176,5042,4961,5204
5180,5043,4962,5205
5178,5044,4963,5206
5179,5045,4964,5207
5183,5046,4965,5208
5181,5047,4966,5209
5182,5048,4967,5210
5049,5076,4968,5211
5050,5077,4969,5212
5051,5078,4970,5213
5052,5079,4971,5214
5053,5080,4972,5215
5054,5081,4973,5216
5055,5082,4974,5217
5056,5083,4975,5218
5057,5084,4976,5219
5058,5085,4977,5220
5059,5086,4978,5221
5060,5087,4979,5222
5061,5088,4980,5223
5062,5089,4981,5224
5063,5090,4982,5225
5064,5091,4983,5226
5065,5092,4984,5227
5066,5093,4985,5228
5067,5094,4986,5229
5068,5095,4987,5230
5069,5096,4988,5231
5070,5097,4989,5232
5071,5098,4990,5233
5072,5099,4991,5234
5073,5100,4992,5235
5074,5101,4993,5236
5075,5102,4994,5237
5103,4995,5130,5238
5104,4996,5131,5239
5105,4997,5132,5240
5106,4998,5133,5241
5107,4999,5134,5242
5108,5000,5135,5243
5109,5001,5136,5244
5110,5002,5137,5245
5111,5003,5138,5246
5112,5004,5139,5247
5113,5005,5140,5248
5114,5006,5141,5249
5115,5007,5142,5250
5116,5008,5143,5251
5117,5009,5144,5252
5118,5010,5145,5253
5119,5011,5146,5254
5120,5012,5147,5255
5121,5013,5148,5256
5122,5014,5149,5257
5123,5015,5150,5258
5124,5016,5151,5259
5125,5017,5152,5260
5126,5018,5153,5261
5127,5019,5154,5262
5128,5020,5155,5263
5129,5021,5156,5264
8187,7427,7452,7290
8188,7425,7453,7291
8189,7426,7454,7292
8181,7430,7455,7293
8182,7428,7456,7294
8183,7429,7457,7295
8184,7433,7458,7296
8185,7431,7459,7297
8186,7432,7460,7298
8196,7436,7461,7299
8197,7434,7462,7300
8198,7435,7463,7301
8190,7439,7464,7302
8191,7437,7465,7303
8192,7438,7466,7304
8193,7442,7467,7305
8194,7440,7468,7306
8195,7441,7469,7307
8205,7445,7470,7308
8206,7443,7471,7309
8207,7444,7472,7310
8199,7448,7473,7311
8200,7446,7474,7312
8201,7447,7475,7313
8202,7451,7476,7314
8203,7449,7477,7315
8204,7450,7478,7316
8214,7317,7479,7344
8215,7318,7480,7345
8216,7319,7481,7346
8208,7320,7482,7347
8209,7321,7483,7348
8210,7322,7484,7349
8211,7323,7485,7350
8212,7324,7486,7351
8213,7325,7487,7352
8223,7326,7488,7353
8224,7327,7489,7354
8225,7328,7490,7355
8217,7329,7491,7356
8218,7330,7492,7357
8219,7331,7493,7358
8220,7332,7494,7359
8221,7333,7495,7360
8222,7334,7496,7361
8232,7335,7497,7362
8233,7336,7498,7363
8234,7337,7499,7364
8226,7338,7500,7365
8227,7339,7501,7366
8228,7340,7502,7367
8229,7341,7503,7368
8230,7342,7504,7369
8231,7343,7505,7370
8241,7506,7371,7398
8242,7507,7372,7399
8243,7508,7373,7400
8235,7509,7374,7401
8236,7510,7375,7402
8237,7511,7376,7403
8238,7512,7377,7404
8239,7513,7378,7405
8240,7514,7379,7406
8250,7515,7380,7407
8251,7516,7381,7408
8252,7517,7382,7409
8244,7518,7383,7410
8245,7519,7384,7411
8246,7520,7385,7412
8247,7521,7386,7413
8248,7522,7387,7414
8249,7523,7388,7415
8259,7524,7389,7416
8260,7525,7390,7417
8261,7526,7391,7418
8253,7527,7392,7419
8254,7528,7393,7420
8255,7529,7394,7421
8256,7530,7395,7422
8257,7531,7396,7423
8258,7532,7397,7424
7533,7751,7776,7614
7534,7749,7777,7615
7535,7750,7778,7616
7536,7754,7779,7617
7537,7752,7780,7618
7538,7753,7781,7619
7539,7757,7782,7620
7540,7755,7783,7621
7541,7756,7784,7622
7542,7760,7785,7623
7543,7758,7786,7624
7544,7759,7787,7625
7545,7763,7788,7626
7546,7761,7789,7627
7547,7762,7790,7628
7548,7766,7791,7629
7549,7764,7792,7630
7550,7765,7793,7631
7551,7769,7794,7632
7552,7767,7795,7633
7553,7768,7796,7634
7554,7772,7797,7635
7555,7770,7798,7636
7556,7771,7799,7637
7557,7775,7800,7638
7558,7773,7801,7639
7559,7774,7802,7640
7560,7641,7803,7668
7561,7642,7804,7669
7562,7643,7805,7670
7563,7644,7806,7671
7564,7645,7807,7672
7565,7646,7808,7673
7566,7647,7809,7674
7567,7648,7810,7675
7568,7649,7811,7676
7569,7650,7812,7677
7570,7651,7813,7678
7571,7652,7814,7679
7572,7653,7815,7680
7573,7654,7816,7681
7574,7655,7817,7682
7575,7656,7818,7683
7576,7657,7819,7684
7577,7658,7820,7685
7578,7659,7821,7686
7579,7660,7822,7687
7580,7661,7823,7688
7581,7662,7824,7689
7582,7663,7825,7690
7583,7664,7826,7691
7584,7665,7827,7692
7585,7666,7828,7693
7586,7667,7829,7694
7587,7830,7695,7722
7588,7831,7696,7723
7589,7832,7697,7724
7590,7833,7698,7725
7591,7834,7699,7726
7592,7835,7700,7727
7593,7836,7701,7728
7594,7837,7702,7729
7595,7838,7703,7730
7596,7839,7704,7731
7597,7840,7705,7732
7598,7841,7706,7733
7599,7842,7707,7734
7600,7843,7708,7735
7601,7844,7709,7736
7602,7845,7710,7737
7603,7846,7711,7738
7604,7847,7712,7739
7605,7848,7713,7740
7606,7849,7714,7741
7607,7850,7715,7742
7608,7851,7716,7743
7609,7852,7717,7744
7610,7853,7718,7745
7611,7854,7719,7746
7612,7855,7720,7747
7613,7856,7721,7748
8075,7938,7857,8100
8073,7939,7858,8101
8074,7940,7859,8102
8078,7941,7860,8103
8076,7942,7861,8104
8077,7943,7862,8105
8081,7944,7863,8106
8079,7945,7864,8107
8080,7946,7865,8108
8084,7947,7866,8109
8082,7948,7867,8110
8083,7949,7868,8111
8087,7950,7869,8112
8085,7951,7870,8113
8086,7952,7871,8114
8090,7953,7872,8115
8088,7954,7873,8116
8089,7955,7874,8117
8093,7956,7875,8118
8091,7957,7876,8119
8092,7958,7877,8120
8096,7959,7878,8121
8094,7960,7879,8122
8095,7961,7880,8123
8099,7962,7881,8124
8097,7963,7882,8125
8098,7964,7883,8126
7965,7992,7884,8127
7966,7993,7885,8128
7967,7994,7886,8129
7968,7995,7887,8130
7969,7996,7888,8131
7970,7997,7889,8132
7971,7998,7890,8133
7972,7999,7891,8134
7973,8000,7892,8135
7974,8001,7893,8136
7975,8002,7894,8137
7976,8003,7895,8138
7977,8004,7896,8139
7978,8005,7897,8140
7979,8006,7898,8141
7980,8007,7899,8142
7981,8008,7900,8143
7982,8009,7901,8144
7983,8010,7902,8145
7984,8011,7903,8146
7985,8012,7904,8147
7986,8013,7905,8148
7987,8014,7906,8149
7988,8015,7907,8150
7989,8016,7908,8151
7990,8017,7909,8152
7991,8018,7910,8153
8019,7911,8046,8154
8020,7912,8047,8155
8021,7913,8048,8156
8022,7914,8049,8157
8023,7915,8050,8158
8024,7916,8051,8159
8025,7917,8052,8160
8026,7918,8053,8161
8027,7919,8054,8162
8028,7920,8055,8163
8029,7921,8056,8164
8030,7922,8057,8165
8031,7923,8058,8166
8032,7924,8059,8167
8033,7925,8060,8168
8034,7926,8061,8169
8035,7927,8062,8170
8036,7928,8063,8171
8037,7929,8064,8172
8038,7930,8065,8173
8039,7931,8066,8174
8040,7932,8067,8175
8041,7933,8068,8176
8042,7934,8069,8177
8043,7935,8070,8178
8044,7936,8071,8179
8045,7937,8072,8180
8361,218,1053,81
8362,216,1054,82
8363,217,1055,83
8364,221,1056,84
8365,219,1057,85
8366,220,1058,86
8367,224,1059,87
8368,222,1060,88
8369,223,1061,89
8343,227,1062,90
8344,225,1063,91
8345,226,1064,92
8346,230,1065,93
8347,228,1066,94
8348,229,1067,95
8349,233,1068,96
8350,231,1069,97
8351,232,1070,98
8352,236,1071,99
8353,234,1072,100
8354,235,1073,101
8355,239,1074,102
8356,237,1075,103
8357,238,1076,104
8358,242,1077,105
8359,240,1078,106
8360,241,1079,107
8388,108,1080,135
8389,109,1081,136
8390,110,1082,137
8391,111,1083,138
8392,112,1084,139
8393,113,1085,140
8394,114,1086,141
8395,115,1087,142
8396,116,1088,143
8370,117,1089,144
8371,118,1090,145
8372,119,1091,146
8373,120,1092,147
8374,121,1093,148
8375,122,1094,149
8376,123,1095,150
8377,124,1096,151
8378,125,1097,152
8379,126,1098,153
8380,127,1099,154
8381,128,1100,155
8382,129,1101,156
8383,130,1102,157
8384,131,1103,158
8385,132,1104,159
8386,133,1105,160
8387,134,1106,161
8415,1107,162,189
8416,1108,163,190
8417,1109,164,191
8418,1110,165,192
8419,1111,166,193
8420,1112,167,194
8421,1113,168,195
8422,1114,169,196
8423,1115,170,197
8397,1116,171,198
8398,1117,172,199
8399,1118,173,200
8400,1119,174,201
8401,1120,175,202
8402,1121,176,203
8403,1122,177,204
8404,1123,178,205
8405,1124,179,206
8406,1125,180,207
8407,1126,181,208
8408,1127,182,209
8409,1128,183,210
8410,1129,184,211
8411,1130,185,212
8412,1131,186,213
8413,1132,187,214
8414,1133,188,215
8523,542,1215,405
8524,540,1216,406
8525,541,1217,407
8526,545,1218,408
8527,543,1219,409
8528,544,1220,410
8529,548,1221,411
8530,546,1222,412
8531,547,1223,413
8505,551,1224,414
8506,549,1225,415
8507,550,1226,416
8508,554,1227,417
8509,552,1228,418
8510,553,1229,419
8511,557,1230,420
8512,555,1231,421
8513,556,1232,422
8514,560,1233,423
8515,558,1234,424
8516,559,1235,425
8517,563,1236,426
8518,561,1237,427
8519,562,1238,428
8520,566,1239,429
8521,564,1240,430
8522,565,1241,431
8550,432,1242,459
8551,433,1243,460
8552,434,1244,461
8553,435,1245,462
8554,436,1246,463
8555,437,1247,464
8556,438,1248,465
8557,439,1249,466
8558,440,1250,467
8532,441,1251,468
8533,442,1252,469
8534,443,1253,470
8535,444,1254,471
8536,445,1255,472
8537,446,1256,473
8538,447,1257,474
8539,448,1258,475
8540,449,1259,476
8541,450,1260,477
8542,451,1261,478
8543,452,1262,479
8544,453,1263,480
8545,454,1264,481
8546,455,1265,482
8547,456,1266,483
8548,457,1267,484
8549,458,1268,485
8577,1269,486,513
8578,1270,487,514
8579,1271,488,515
8580,1272,489,516
8581,1273,490,517
8582,1274,491,518
8583,1275,492,519
8584,1276,493,520
8585,1277,494,521
8559,1278,495,522
8560,1279,496,523
8561,1280,497,524
8562,1281,498,525
8563,1282,499,526
8564,1283,500,527
8565,1284,501,528
8566,1285,502,529
8567,1286,503,530
8568,1287,504,531
8569,1288,505,532
8570,1289,506,533
8571,1290,507,534
8572,1291,508,535
8573,1292,509,536
8574,1293,510,537
8575,1294,511,538
8576,1295,512,539
8685,866,1377,729
8686,864,1378,730
8687,865,1379,731
8688,869,1380,732
8689,867,1381,733
8690,868,1382,734
8691,872,1383,735
8692,870,1384,736
8693,871,1385,737
8667,875,1386,738
8668,873,1387,739
8669,874,1388,740
8670,878,1389,741
8671,876,1390,742
8672,877,1391,743
8673,881,1392,744
8674,879,1393,745
8675,880,1394,746
8676,884,1395,747
8677,882,1396,748
8678,883,1397,749
8679,887,1398,750
8680,885,1399,751
8681,886,1400,752
8682,890,1401,753
8683,888,1402,754
8684,889,1403,755
8712,756,1404,783
8713,757,1405,784
8714,758,1406,785
8715,759,1407,786
8716,760,1408,787
8717,761,1409,788
8718,762,1410,789
8719,763,1411,790
8720,764,1412,791
8694,765,1413,792
8695,766,1414,793
8696,767,1415,794
8697,768,1416,795
8698,769,1417,796
8699,770,1418,797
8700,771,1419,798
8701,772,1420,799
8702,773,1421,800
8703,774,1422,801
8704,775,1423,802
8705,776,1424,803
8706,777,1425,804
8707,778,1426,805
8708,779,1427,806
8709,780,1428,807
8710,781,1429,808
8711,782,1430,809
8739,1431,810,837
8740,1432,811,838
8741,1433,812,839
8742,1434,813,840
8743,1435,814,841
8744,1436,815,842
8745,1437,816,843
8746,1438,817,844
8747,1439,818,845
8721,1440,819,846
8722,1441,820,847
8723,1442,821,848
8724,1443,822,849
8725,1444,823,850
8726,1445,824,851
8727,1446,825,852
8728,1447,826,853
8729,1448,827,854
8730,1449,828,855
8731,1450,829,856
8732,1451,830,857
8733,1452,831,858
8734,1453,832,859
8735,1454,833,860
8736,1455,834,861
8737,1456,835,862
8738,1457,836,863
2511,3134,3969,2997
2512,3132,3970,2998
2513,3133,3971,2999
2514,3137,3972,3000
2515,3135,3973,3001
2516,3136,3974,3002
2517,3140,3975,3003
2518,3138,3976,3004
2519,3139,3977,3005
2520,3143,3978,3006
2521,3141,3979,3007
2522,3142,3980,3008
2523,3146,3981,3009
2524,3144,3982,3010
2525,3145,3983,3011
2526,3149,3984,3012
2527,3147,3985,3013
2528,3148,3986,3014
2529,3152,3987,3015
2530,3150,3988,3016
2531,3151,3989,3017
2532,3155,3990,3018
2533,3153,3991,3019
2534,3154,3992,3020
2535,3158,3993,3021
2536,3156,3994,3022
2537,3157,3995,3023
2538,3024,3996,3051
2539,3025,3997,3052
2540,3026,3998,3053
2541,3027,3999,3054
2542,3028,4000,3055
2543,3029,4001,3056
2544,3030,4002,3057
2545,3031,4003,3058
2546,3032,4004,3059
2547,3033,4005,3060
2548,3034,4006,3061
2549,3035,4007,3062
2550,3036,4008,3063
2551,3037,4009,3064
2552,3038,4010,3065
2553,3039,4011,3066
2554,3040,4012,3067
2555,3041,4013,3068
2556,3042,4014,3069
2557,3043,4015,3070
2558,3044,4016,3071
2559,3045,4017,3072
2560,3046,4018,3073
2561,3047,4019,3074
2562,3048,4020,3075
2563,3049,4021,3076
2564,3050,4022,3077
2565,4023,3078,3105
2566,4024,3079,3106
2567,4025,3080,3107
2568,4026,3081,3108
2569,4027,3082,3109
2570,4028,3083,3110
2571,4029,3084,3111
2572,4030,3085,3112
2573,4031,3086,3113
2574,4032,3087,3114
2575,4033,3088,3115
2576,4034,3089,3116
2577,4035,3090,3117
2578,4036,3091,3118
2579,4037,3092,3119
2580,4038,3093,3120
2581,4039,3094,3121
2582,4040,3095,3122
2583,4041,3096,3123
2584,4042,3097,3124
2585,4043,3098,3125
2586,4044,3099,3126
2587,4045,3100,3127
2588,4046,3101,3128
2589,4047,3102,3129
2590,4048,3103,3130
2591,4049,3104,3131
2673,3458,4131,3321
2674,3456,4132,3322
2675,3457,4133,3323
2676,3461,4134,3324
2677,3459,4135,3325
2678,3460,4136,3326
2679,3464,4137,3327
2680,3462,4138,3328
2681,3463,4139,3329
2682,3467,4140,3330
2683,3465,4141,3331
2684,3466,4142,3332
2685,3470,4143,3333
2686,3468,4144,3334
2687,3469,4145,3335
2688,3473,4146,3336
2689,3471,4147,3337
2690,3472,4148,3338
2691,3476,4149,3339
2692,3474,4150,3340
2693,3475,4151,3341
2694,3479,4152,3342
2695,3477,4153,3343
2696,3478,4154,3344
2697,3482,4155,3345
2698,3480,4156,3346
2699,3481,4157,3347
2700,3348,4158,3375
2701,3349,4159,3376
2702,3350,4160,3377
2703,3351,4161,3378
2704,3352,4162,3379
2705,3353,4163,3380
2706,3354,4164,3381
2707,3355,4165,3382
2708,3356,4166,3383
2709,3357,4167,3384
2710,3358,4168,3385
2711,3359,4169,3386
2712,3360,4170,3387
2713,3361,4171,3388
2714,3362,4172,3389
2715,3363,4173,3390
2716,3364,4174,3391
2717,3365,4175,3392
2718,3366,4176,3393
2719,3367,4177,3394
2720,3368,4178,3395
2721,3369,4179,3396
2722,3370,4180,3397
2723,3371,4181,3398
2724,3372,4182,3399
2725,3373,4183,3400
2726,3374,4184,3401
2727,4185,3402,3429
2728,4186,3403,3430
2729,4187,3404,3431
2730,4188,3405,3432
2731,4189,3406,3433
2732,4190,3407,3434
2733,4191,3408,3435
2734,4192,3409,3436
2735,4193,3410,3437
2736,4194,3411,3438
2737,4195,3412,3439
2738,4196,3413,3440
2739,4197,3414,3441
2740,4198,3415,3442
2741,4199,3416,3443
2742,4200,3417,3444
2743,4201,3418,3445
2744,4202,3419,3446
2745,4203,3420,3447
2746,4204,3421,3448
2747,4205,3422,3449
2748,4206,3423,3450
2749,4207,3424,3451
2750,4208,3425,3452
2751,4209,3426,3453
2752,4210,3427,3454
2753,4211,3428,3455
2835,3782,4293,3645
2836,3780,4294,3646
2837,3781,4295,3647
2838,3785,4296,3648
2839,3783,4297,3649
2840,3784,4298,3650
2841,3788,4299,3651
2842,3786,4300,3652
2843,3787,4301,3653
2844,3791,4302,3654
2845,3789,4303,3655
2846,3790,4304,3656
2847,3794,4305,3657
2848,3792,4306,3658
2849,3793,4307,3659
2850,3797,4308,3660
2851,3795,4309,3661
2852,3796,4310,3662
2853,3800,4311,3663
2854,3798,4312,3664
2855,3799,4313,3665
2856,3803,4314,3666
2857,3801,4315,3667
2858,3802,4316,3668
2859,3806,4317,3669
2860,3804,4318,3670
2861,3805,4319,3671
2862,3672,4320,3699
2863,3673,4321,3700
2864,3674,4322,3701
2865,3675,4323,3702
2866,3676,4324,3703
2867,3677,4325,3704
2868,3678,4326,3705
2869,3679,4327,3706
2870,3680,4328,3707
2871,3681,4329,3708
2872,3682,4330,3709
2873,3683,4331,3710
2874,3684,4332,3711
2875,3685,4333,3712
2876,3686,4334,3713
2877,3687,4335,3714
2878,3688,4336,3715
2879,3689,4337,3716
2880,3690,4338,3717
2881,3691,4339,3718
2882,3692,4340,3719
2883,3693,4341,3720
2884,3694,4342,3721
2885,3695,4343,3722
2886,3696,4344,3723
2887,3697,4345,3724
2888,3698,4346,3725
2889,4347,3726,3753
2890,4348,3727,3754
2891,4349,3728,3755
2892,4350,3729,3756
2893,4351,3730,3757
2894,4352,3731,3758
2895,4353,3732,3759
2896,4354,3733,3760
2897,4355,3734,3761
2898,4356,3735,3762
2899,4357,3736,3763
2900,4358,3737,3764
2901,4359,3738,3765
2902,4360,3739,3766
2903,4361,3740,3767
2904,4362,3741,3768
2905,4363,3742,3769
2906,4364,3743,3770
2907,4365,3744,3771
2908,4366,3745,3772
2909,4367,3746,3773
2910,4368,3747,3774
2911,4369,3748,3775
2912,4370,3749,3776
2913,4371,3750,3777
2914,4372,3751,3778
2915,4373,3752,3779
6050,5913,5427,6885
6048,5914,5428,6886
6049,5915,5429,6887
6053,5916,5430,6888
6051,5917,5431,6889
6052,5918,5432,6890
6056,5919,5433,6891
6054,5920,5434,6892
6055,5921,5435,6893
6059,5922,5436,6894
6057,5923,5437,6895
6058,5924,5438,6896
6062,5925,5439,6897
6060,5926,5440,6898
6061,5927,5441,6899
6065,5928,5442,6900
6063,5929,5443,6901
6064,5930,5444,6902
6068,5931,5445,6903
6066,5932,5446,6904
6067,5933,5447,6905
6071,5934,5448,6906
6069,5935,5449,6907
6070,5936,5450,6908
6074,5937,5451,6909
6072,5938,5452,6910
6073,5939,5453,6911
5940,5967,5454,6912
5941,5968,5455,6913
5942,5969,5456,6914
5943,5970,5457,6915
5944,5971,5458,6916
5945,5972,5459,6917
5946,5973,5460,6918
5947,5974,5461,6919
5948,5975,5462,6920
5949,5976,5463,6921
5950,5977,5464,6922
5951,5978,5465,6923
5952,5979,5466,6924
5953,5980,5467,6925
5954,5981,5468,6926
5955,5982,5469,6927
5956,5983,5470,6928
5957,5984,5471,6929
5958,5985,5472,6930
5959,5986,5473,6931
5960,5987,5474,6932
5961,5988,5475,6933
5962,5989,5476,6934
5963,5990,5477,6935
5964,5991,5478,6936
5965,5992,5479,6937
5966,5993,5480,6938
5994,5481,6021,6939
5995,5482,6022,6940
5996,5483,6023,6941
5997,5484,6024,6942
5998,5485,6025,6943
5999,5486,6026,6944
6000,5487,6027,6945
6001,5488,6028,6946
6002,5489,6029,6947
6003,5490,6030,6948
6004,5491,6031,6949
6005,5492,6032,6950
6006,5493,6033,6951
6007,5494,6034,6952
6008,5495,6035,6953
6009,5496,6036,6954
6010,5497,6037,6955
6011,5498,6038,6956
6012,5499,6039,6957
6013,5500,6040,6958
6014,5501,6041,6959
6015,5502,6042,6960
6016,5503,6043,6961
6017,5504,6044,6962
6018,5505,6045,6963
6019,5506,6046,6964
6020,5507,6047,6965
6374,6237,5589,7047
6372,6238,5590,7048
6373,6239,5591,7049
6377,6240,5592,7050
6375,6241,5593,7051
6376,6242,5594,7052
6380,6243,5595,7053
6378,6244,5596,7054
6379,6245,5597,7055
6383,6246,5598,7056
6381,6247,5599,7057
6382,6248,5600,7058
6386,6249,5601,7059
6384,6250,5602,7060
6385,6251,5603,7061
6389,6252,5604,7062
6387,6253,5605,7063
6388,6254,5606,7064
6392,6255,5607,7065
6390,6256,5608,7066
6391,6257,5609,7067
6395,6258,5610,7068
6393,6259,5611,7069
6394,6260,5612,7070
6398,6261,5613,7071
6396,6262,5614,7072
6397,6263,5615,7073
6264,6291,5616,7074
6265,6292,5617,7075
6266,6293,5618,7076
6267,6294,5619,7077
6268,6295,5620,7078
6269,6296,5621,7079
6270,6297,5622,7080
6271,6298,5623,7081
6272,6299,5624,7082
6273,6300,5625,7083
6274,6301,5626,7084
6275,6302,5627,7085
6276,6303,5628,7086
6277,6304,5629,7087
6278,6305,5630,7088
6279,6306,5631,7089
6280,6307,5632,7090
6281,6308,5633,7091
6282,6309,5634,7092
6283,6310,5635,7093
6284,6311,5636,7094
6285,6312,5637,7095
6286,6313,5638,7096
6287,6314,5639,7097
6288,6315,5640,7098
6289,6316,5641,7099
6290,6317,5642,7100
6318,5643,6345,7101
6319,5644,6346,7102
6320,5645,6347,7103
6321,5646,6348,7104
6322,5647,6349,7105
6323,5648,6350,7106
6324,5649,6351,7107
6325,5650,6352,7108
6326,5651,6353,7109
6327,5652,6354,7110
6328,5653,6355,7111
6329,5654,6356,7112
6330,5655,6357,7113
6331,5656,6358,7114
6332,5657,6359,7115
6333,5658,6360,7116
6334,5659,6361,7117
6335,5660,6362,7118
6336,5661,6363,7119
6337,5662,6364,7120
6338,5663,6365,7121
6339,5664,6366,7122
6340,5665,6367,7123
6341,5666,6368,7124
6342,5667,6369,7125
6343,5668,6370,7126
6344,5669,6371,7127
6698,6561,5751,7209
6696,6562,5752,7210
6697,6563,5753,7211
6701,6564,5754,7212
6699,6565,5755,7213
6700,6566,5756,7214
6704,6567,5757,7215
6702,6568,5758,7216
6703,6569,5759,7217
6707,6570,5760,7218
6705,6571,5761,7219
6706,6572,5762,7220
6710,6573,5763,7221
6708,6574,5764,7222
6709,6575,5765,7223
6713,6576,5766,7224
6711,6577,5767,7225
6712,6578,5768,7226
6716,6579,5769,7227
6714,6580,5770,7228
6715,6581,5771,7229
6719,6582,5772,7230
6717,6583,5773,7231
6718,6584,5774,7232
6722,6585,5775,7233
6720,6586,5776,7234
6721,6587,5777,7235
6588,6615,5778,7236
6589,6616,5779,7237
6590,6617,5780,7238
6591,6618,5781,7239
6592,6619,5782,7240
6593,6620,5783,7241
6594,6621,5784,7242
6595,6622,5785,7243
6596,6623,5786,7244
6597,6624,5787,7245
6598,6625,5788,7246
6599,6626,5789,7247
6600,6627,5790,7248
6601,6628,5791,7249
6602,6629,5792,7250
6603,6630,5793,7251
6604,6631,5794,7252
6605,6632,5795,7253
6606,6633,5796,7254
6607,6634,5797,7255
6608,6635,5798,7256
6609,6636,5799,7257
6610,6637,5800,7258
6611,6638,5801,7259
6612,6639,5802,7260
6613,6640,5803,7261
6614,6641,5804,7262
6642,5805,6669,7263
6643,5806,6670,7264
6644,5807,6671,7265
6645,5808,6672,7266
6646,5809,6673,7267
6647,5810,6674,7268
6648,5811,6675,7269
6649,5812,6676,7270
6650,5813,6677,7271
6651,5814,6678,7272
6652,5815,6679,7273
6653,5816,6680,7274
6654,5817,6681,7275
6655,5818,6682,7276
6656,5819,6683,7277
6657,5820,6684,7278
6658,5821,6685,7279
6659,5822,6686,7280
6660,5823,6687,7281
6661,5824,6688,7282
6662,5825,6689,7283
6663,5826,6690,7284
6664,5827,6691,7285
6665,5828,6692,7286
6666,5829,6693,7287
6667,5830,6694,7288
6668,5831,6695,7289
8280,897,972,0
8281,898,973,1
8282,899,974,2
8283,891,975,3
8284,892,976,4
8285,893,977,5
8286,894,978,6
8287,895,979,7
8288,896,980,8
8262,906,981,9
8263,907,982,10
8264,908,983,11
8265,900,984,12
8266,901,985,13
8267,902,986,14
8268,903,987,15
8269,904,988,16
8270,905,989,17
8271,915,990,18
8272,916,991,19
8273,917,992,20
8274,909,993,21
8275,910,994,22
8276,911,995,23
8277,912,996,24
8278,913,997,25
8279,914,998,26
8307,924,999,27
8308,925,1000,28
8309,926,1001,29
8310,918,1002,30
8311,919,1003,31
8312,920,1004,32
8313,921,1005,33
8314,922,1006,34
8315,923,1007,35
8289,933,1008,36
8290,934,1009,37
8291,935,1010,38
8292,927,1011,39
8293,928,1012,40
8294,929,1013,41
8295,930,1014,42
8296,931,1015,43
8297,932,1016,44
8298,942,1017,45
8299,943,1018,46
8300,944,1019,47
8301,936,1020,48
8302,937,1021,49
8303,938,1022,50
8304,939,1023,51
8305,940,1024,52
8306,941,1025,53
8334,951,1026,54
8335,952,1027,55
8336,953,1028,56
8337,945,1029,57
8338,946,1030,58
8339,947,1031,59
8340,948,1032,60
8341,949,1033,61
8342,950,1034,62
8316,960,1035,63
8317,961,1036,64
8318,962,1037,65
8319,954,1038,66
8320,955,1039,67
8321,956,1040,68
8322,957,1041,69
8323,958,1042,70
8324,959,1043,71
8325,969,1044,72
8326,970,1045,73
8327,971,1046,74
8328,963,1047,75
8329,964,1048,76
8330,965,1049,77
8331,966,1050,78
8332,967,1051,79
8333,968,1052,80
8442,243,1134,324
8443,244,1135,325
8444,245,1136,326
8445,246,1137,327
8446,247,1138,328
8447,248,1139,329
8448,249,1140,330
8449,250,1141,331
8450,251,1142,332
8424,252,1143,333
8425,253,1144,334
8426,254,1145,335
8427,255,1146,336
8428,256,1147,337
8429,257,1148,338
8430,258,1149,339
8431,259,1150,340
8432,260,1151,341
8433,261,1152,342
8434,262,1153,343
8435,263,1154,344
8436,264,1155,345
8437,265,1156,346
8438,266,1157,347
8439,267,1158,348
8440,268,1159,349
8441,269,1160,350
8469,270,1161,351
8470,271,1162,352
8471,272,1163,353
8472,273,1164,354
8473,274,1165,355
8474,275,1166,356
8475,276,1167,357
8476,277,1168,358
8477,278,1169,359
8451,279,1170,360
8452,280,1171,361
8453,281,1172,362
8454,282,1173,363
8455,283,1174,364
8456,284,1175,365
8457,285,1176,366
8458,286,1177,367
8459,287,1178,368
8460,288,1179,369
8461,289,1180,370
8462,290,1181,371
8463,291,1182,372
8464,292,1183,373
8465,293,1184,374
8466,294,1185,375
8467,295,1186,376
8468,296,1187,377
8496,297,1188,378
8497,298,1189,379
8498,299,1190,380
8499,300,1191,381
8500,301,1192,382
8501,302,1193,383
8502,303,1194,384
8503,304,1195,385
8504,305,1196,386
8478,306,1197,387
8479,307,1198,388
8480,308,1199,389
8481,309,1200,390
8482,310,1201,391
8483,311,1202,392
8484,312,1203,393
8485,313,1204,394
8486,314,1205,395
8487,315,1206,396
8488,316,1207,397
8489,317,1208,398
8490,318,1209,399
8491,319,1210,400
8492,320,1211,401
8493,321,1212,402
8494,322,1213,403
8495,323,1214,404
8604,1296,567,648
8605,1297,568,649
8606,1298,569,650
8607,1299,570,651
8608,1300,571,652
8609,1301,572,653
8610,1302,573,654
8611,1303,574,655
8612,1304,575,656
8586,1305,576,657
8587,1306,577,658
8588,1307,578,659
8589,1308,579,660
8590,1309,580,661
8591,1310,581,662
8592,1311,582,663
8593,1312,583,664
8594,1313,584,665
8595,1314,585,666
8596,1315,586,667
8597,1316,587,668
8598,1317,588,669
8599,1318,589,670
8600,1319,590,671
8601,1320,591,672
8602,1321,592,673
8603,1322,593,674
8631,1323,594,675
8632,1324,595,676
8633,1325,596,677
8634,1326,597,678
8635,1327,598,679
8636,1328,599,680
8637,1329,600,681
8638,1330,601,682
8639,1331,602,683
8613,1332,603,684
8614,1333,604,685
8615,1334,605,686
8616,1335,606,687
8617,1336,607,688
8618,1337,608,689
8619,1338,609,690
8620,1339,610,691
8621,1340,611,692
8622,1341,612,693
8623,1342,613,694
8624,1343,614,695
8625,1344,615,696
8626,1345,616,697
8627,1346,617,698
8628,1347,618,699
8629,1348,619,700
8630,1349,620,701
8658,1350,621,702
8659,1351,622,703
8660,1352,623,704
8661,1353,624,705
8662,1354,625,706
8663,1355,626,707
8664,1356,627,708
8665,1357,628,709
8666,1358,629,710
8640,1359,630,711
8641,1360,631,712
8642,1361,632,713
8643,1362,633,714
8644,1363,634,715
8645,1364,635,716
8646,1365,636,717
8647,1366,637,718
8648,1367,638,719
8649,1368,639,720
8650,1369,640,721
8651,1370,641,722
8652,1371,642,723
8653,1372,643,724
8654,1373,644,725
8655,1374,645,726
8656,1375,646,727
8657,1376,647,728
2430,3813,3888,2916
2431,3814,3889,2917
2432,3815,3890,2918
2433,3807,3891,2919
2434,3808,3892,2920
2435,3809,3893,2921
2436,3810,3894,2922
2437,3811,3895,2923
2438,3812,3896,2924
2439,3822,3897,2925
2440,3823,3898,2926
2441,3824,3899,2927
2442,3816,3900,2928
2443,3817,3901,2929
2444,3818,3902,2930
2445,3819,3903,2931
2446,3820,3904,2932
2447,3821,3905,2933
2448,3831,3906,2934
2449,3832,3907,2935
2450,3833,3908,2936
2451,3825,3909,2937
2452,3826,3910,2938
2453,3827,3911,2939
2454,3828,3912,2940
2455,3829,3913,2941
2456,3830,3914,2942
2457,3840,3915,2943
2458,3841,3916,2944
2459,3842,3917,2945
2460,3834,3918,2946
2461,3835,3919,2947
2462,3836,3920,2948
2463,3837,3921,2949
2464,3838,3922,2950
2465,3839,3923,2951
2466,3849,3924,2952
2467,3850,3925,2953
2468,3851,3926,2954
2469,3843,3927,2955
2470,3844,3928,2956
2471,3845,3929,2957
2472,3846,3930,2958
2473,3847,3931,2959
2474,3848,3932,2960
2475,3858,3933,2961
2476,3859,3934,2962
2477,3860,3935,2963
2478,3852,3936,2964
2479,3853,3937,2965
2480,3854,3938,2966
2481,3855,3939,2967
2482,3856,3940,2968
2483,3857,3941,2969
2484,3867,3942,2970
2485,3868,3943,2971
2486,3869,3944,2972
2487,3861,3945,2973
2488,3862,3946,2974
2489,3863,3947,2975
2490,3864,3948,2976
2491,3865,3949,2977
2492,3866,3950,2978
2493,3876,3951,2979
2494,3877,3952,2980
2495,3878,3953,2981
2496,3870,3954,2982
2497,3871,3955,2983
2498,3872,3956,2984
2499,3873,3957,2985
2500,3874,3958,2986
2501,3875,3959,2987
2502,3885,3960,2988
2503,3886,3961,2989
2504,3887,3962,2990
2505,3879,3963,2991
2506,3880,3964,2992
2507,3881,3965,2993
2508,3882,3966,2994
2509,3883,3967,2995
2510,3884,3968,2996
2592,3159,4050,3240
2593,3160,4051,3241
2594,3161,4052,3242
2595,3162,4053,3243
2596,3163,4054,3244
2597,3164,4055,3245
2598,3165,4056,3246
2599,3166,4057,3247
2600,3167,4058,3248
2601,3168,4059,3249
2602,3169,4060,3250
2603,3170,4061,3251
2604,3171,4062,3252
2605,3172,4063,3253
2606,3173,4064,3254
2607,3174,4065,3255
2608,3175,4066,3256
2609,3176,4067,3257
2610,3177,4068,3258
2611,3178,4069,3259
2612,3179,4070,3260
2613,3180,4071,3261
2614,3181,4072,3262
2615,3182,4073,3263
2616,3183,4074,3264
2617,3184,4075,3265
2618,3185,4076,3266
2619,3186,4077,3267
2620,3187,4078,3268
2621,3188,4079,3269
2622,3189,4080,3270
2623,3190,4081,3271
2624,3191,4082,3272
2625,3192,4083,3273
2626,3193,4084,3274
2627,3194,4085,3275
2628,3195,4086,3276
2629,3196,4087,3277
2630,3197,4088,3278
2631,3198,4089,3279
2632,3199,4090,3280
2633,3200,4091,3281
2634,3201,4092,3282
2635,3202,4093,3283
2636,3203,4094,3284
2637,3204,4095,3285
2638,3205,4096,3286
2639,3206,4097,3287
2640,3207,4098,3288
2641,3208,4099,3289
2642,3209,4100,3290
2643,3210,4101,3291
2644,3211,4102,3292
2645,3212,4103,3293
2646,3213,4104,3294
2647,3214,4105,3295
2648,3215,4106,3296
2649,3216,4107,3297
2650,3217,4108,3298
2651,3218,4109,3299
2652,3219,4110,3300
2653,3220,4111,3301
2654,3221,4112,3302
2655,3222,4113,3303
2656,3223,4114,3304
2657,3224,4115,3305
2658,3225,4116,3306
2659,3226,4117,3307
2660,3227,4118,3308
2661,3228,4119,3309
2662,3229,4120,3310
2663,3230,4121,3311
2664,3231,4122,3312
2665,3232,4123,3313
2666,3233,4124,3314
2667,3234,4125,3315
2668,3235,4126,3316
2669,3236,4127,3317
2670,3237,4128,3318
2671,3238,4129,3319
2672,3239,4130,3320
2754,4212,3483,3564
2755,4213,3484,3565
2756,4214,3485,3566
2757,4215,3486,3567
2758,4216,3487,3568
2759,4217,3488,3569
2760,4218,3489,3570
2761,4219,3490,3571
2762,4220,3491,3572
2763,4221,3492,3573
2764,4222,3493,3574
2765,4223,3494,3575
2766,4224,3495,3576
2767,4225,3496,3577
2768,4226,3497,3578
2769,4227,3498,3579
2770,4228,3499,3580
2771,4229,3500,3581
2772,4230,3501,3582
2773,4231,3502,3583
2774,4232,3503,3584
2775,4233,3504,3585
2776,4234,3505,3586
2777,4235,3506,3587
2778,4236,3507,3588
2779,4237,3508,3589
2780,4238,3509,3590
2781,4239,3510,3591
2782,4240,3511,3592
2783,4241,3512,3593
2784,4242,3513,3594
2785,4243,3514,3595
2786,4244,3515,3596
2787,4245,3516,3597
2788,4246,3517,3598
2789,4247,3518,3599
2790,4248,3519,3600
2791,4249,3520,3601
2792,4250,3521,3602
2793,4251,3522,3603
2794,4252,3523,3604
2795,4253,3524,3605
2796,4254,3525,3606
2797,4255,3526,3607
2798,4256,3527,3608
2799,4257,3528,3609
2800,4258,3529,3610
2801,4259,3530,3611
2802,4260,3531,3612
2803,4261,3532,3613
2804,4262,3533,3614
2805,4263,3534,3615
2806,4264,3535,3616
2807,4265,3536,3617
2808,4266,3537,3618
2809,4267,3538,3619
2810,4268,3539,3620
2811,4269,3540,3621
2812,4270,3541,3622
2813,4271,3542,3623
2814,4272,3543,3624
2815,4273,3544,3625
2816,4274,3545,3626
2817,4275,3546,3627
2818,4276,3547,3628
2819,4277,3548,3629
2820,4278,3549,3630
2821,4279,3550,3631
2822,4280,3551,3632
2823,4281,3552,3633
2824,4282,3553,3634
2825,4283,3554,3635
2826,4284,3555,3636
2827,4285,3556,3637
2828,4286,3557,3638
2829,4287,3558,3639
2830,4288,3559,3640
2831,4289,3560,3641
2832,4290,3561,3642
2833,4291,3562,3643
2834,4292,3563,3644
6729,5832,5346,6804
6730,5833,5347,6805
6731,5834,5348,6806
6723,5835,5349,6807
6724,5836,5350,6808
6725,5837,5351,6809
6726,5838,5352,6810
6727,5839,5353,6811
6728,5840,5354,6812
6738,5841,5355,6813
6739,5842,5356,6814
6740,5843,5357,6815
6732,5844,5358,6816
6733,5845,5359,6817
6734,5846,5360,6818
6735,5847,5361,6819
6736,5848,5362,6820
6737,5849,5363,6821
6747,5850,5364,6822
6748,5851,5365,6823
6749,5852,5366,6824
6741,5853,5367,6825
6742,5854,5368,6826
6743,5855,5369,6827
6744,5856,5370,6828
6745,5857,5371,6829
6746,5858,5372,6830
6756,5859,5373,6831
6757,5860,5374,6832
6758,5861,5375,6833
6750,5862,5376,6834
6751,5863,5377,6835
6752,5864,5378,6836
6753,5865,5379,6837
6754,5866,5380,6838
6755,5867,5381,6839
6765,5868,5382,6840
6766,5869,5383,6841
6767,5870,5384,6842
6759,5871,5385,6843
6760,5872,5386,6844
6761,5873,5387,6845
6762,5874,5388,6846
6763,5875,5389,6847
6764,5876,5390,6848
6774,5877,5391,6849
6775,5878,5392,6850
6776,5879,5393,6851
6768,5880,5394,6852
6769,5881,5395,6853
6770,5882,5396,6854
6771,5883,5397,6855
6772,5884,5398,6856
6773,5885,5399,6857
6783,5886,5400,6858
6784,5887,5401,6859
6785,5888,5402,6860
6777,5889,5403,6861
6778,5890,5404,6862
6779,5891,5405,6863
6780,5892,5406,6864
6781,5893,5407,6865
6782,5894,5408,6866
6792,5895,5409,6867
6793,5896,5410,6868
6794,5897,5411,6869
6786,5898,5412,6870
6787,5899,5413,6871
6788,5900,5414,6872
6789,5901,5415,6873
6790,5902,5416,6874
6791,5903,5417,6875
6801,5904,5418,6876
6802,5905,5419,6877
6803,5906,5420,6878
6795,5907,5421,6879
6796,5908,5422,6880
6797,5909,5423,6881
6798,5910,5424,6882
6799,5911,5425,6883
6800,5912,5426,6884
6075,6156,5508,6966
6076,6157,5509,6967
6077,6158,5510,6968
6078,6159,5511,6969
6079,6160,5512,6970
6080,6161,5513,6971
6081,6162,5514,6972
6082,6163,5515,6973
6083,6164,5516,6974
6084,6165,5517,6975
6085,6166,5518,6976
6086,6167,5519,6977
6087,6168,5520,6978
6088,6169,5521,6979
6089,6170,5522,6980
6090,6171,5523,6981
6091,6172,5524,6982
6092,6173,5525,6983
6093,6174,5526,6984
6094,6175,5527,6985
6095,6176,5528,6986
6096,6177,5529,6987
6097,6178,5530,6988
6098,6179,5531,6989
6099,6180,5532,6990
6100,6181,5533,6991
6101,6182,5534,6992
6102,6183,5535,6993
6103,6184,5536,6994
6104,6185,5537,6995
6105,6186,5538,6996
6106,6187,5539,6997
6107,6188,5540,6998
6108,6189,5541,6999
6109,6190,5542,7000
6110,6191,5543,7001
6111,6192,5544,7002
6112,6193,5545,7003
6113,6194,5546,7004
6114,6195,5547,7005
6115,6196,5548,7006
6116,6197,5549,7007
6117,6198,5550,7008
6118,6199,5551,7009
6119,6200,5552,7010
6120,6201,5553,7011
6121,6202,5554,7012
6122,6203,5555,7013
6123,6204,5556,7014
6124,6205,5557,7015
6125,6206,5558,7016
6126,6207,5559,7017
6127,6208,5560,7018
6128,6209,5561,7019
6129,6210,5562,7020
6130,6211,5563,7021
6131,6212,5564,7022
6132,6213,5565,7023
6133,6214,5566,7024
6134,6215,5567,7025
6135,6216,5568,7026
6136,6217,5569,7027
6137,6218,5570,7028
6138,6219,5571,7029
6139,6220,5572,7030
6140,6221,5573,7031
6141,6222,5574,7032
6142,6223,5575,7033
6143,6224,5576,7034
6144,6225,5577,7035
6145,6226,5578,7036
6146,6227,5579,7037
6147,6228,5580,7038
6148,6229,5581,7039
6149,6230,5582,7040
6150,6231,5583,7041
6151,6232,5584,7042
6152,6233,5585,7043
6153,6234,5586,7044
6154,6235,5587,7045
6155,6236,5588,7046
6399,5670,6480,7128
6400,5671,6481,7129
6401,5672,6482,7130
6402,5673,6483,7131
6403,5674,6484,7132
6404,5675,6485,7133
6405,5676,6486,7134
6406,5677,6487,7135
6407,5678,6488,7136
6408,5679,6489,7137
6409,5680,6490,7138
6410,5681,6491,7139
6411,5682,6492,7140
6412,5683,6493,7141
6413,5684,6494,7142
6414,5685,6495,7143
6415,5686,6496,7144
6416,5687,6497,7145
6417,5688,6498,7146
6418,5689,6499,7147
6419,5690,6500,7148
6420,5691,6501,7149
6421,5692,6502,7150
6422,5693,6503,7151
6423,5694,6504,7152
6424,5695,6505,7153
6425,5696,6506,7154
6426,5697,6507,7155
6427,5698,6508,7156
6428,5699,6509,7157
6429,5700,6510,7158
6430,5701,6511,7159
6431,5702,6512,7160
6432,5703,6513,7161
6433,5704,6514,7162
6434,5705,6515,7163
6435,5706,6516,7164
6436,5707,6517,7165
6437,5708,6518,7166
6438,5709,6519,7167
6439,5710,6520,7168
6440,5711,6521,7169
6441,5712,6522,7170
6442,5713,6523,7171
6443,5714,6524,7172
6444,5715,6525,7173
6445,5716,6526,7174
6446,5717,6527,7175
6447,5718,6528,7176
6448,5719,6529,7177
6449,5720,6530,7178
6450,5721,6531,7179
6451,5722,6532,7180
6452,5723,6533,7181
6453,5724,6534,7182
6454,5725,6535,7183
6455,5726,6536,7184
6456,5727,6537,7185
6457,5728,6538,7186
6458,5729,6539,7187
6459,5730,6540,7188
6460,5731,6541,7189
6461,5732,6542,7190
6462,5733,6543,7191
6463,5734,6544,7192
6464,5735,6545,7193
6465,5736,6546,7194
6466,5737,6547,7195
6467,5738,6548,7196
6468,5739,6549,7197
6469,5740,6550,7198
6470,5741,6551,7199
6471,5742,6552,7200
6472,5743,6553,7201
6473,5744,6554,7202
6474,5745,6555,7203
6475,5746,6556,7204
6476,5747,6557,7205
6477,5748,6558,7206
6478,5749,6559,7207
6479,5750,6560,7208
